company_reg_number,capex,cogs,cogs_plus_capex,accounts_receivable,current_assets,current_liabilities,fixed_assets,long_term_liabilities,capital_and_reserves,provisions_for_liabilities,entity_status,dissolved_on,turnover_level,employee_size_level
20000000,158.79,5691.53,5850.32,13328.0,94341.0,71429.0,4094.0,13504.0,13502.0,12857.0,1,2020-06-20,0,1
20000001,215.5,6471.54,6687.04,9506.0,52241.0,25061.0,4728.0,7981.0,23927.0,4009.0,1,2020-06-26,0,0
20000002,100.89,3385.61,3486.5,6123.0,40721.0,31488.0,106244.0,68448.0,47029.0,5038.0,1,2018-12-10,0,0
20000003,253.34,3885.55,4138.89,2929.0,65519.0,46121.0,10131.0,7590.0,21938.0,7840.0,1,2020-08-14,0,0
20000004,129.17,4731.59,4860.76,16083.0,84212.0,40289.0,8186.0,13302.0,38807.0,7252.0,1,2021-08-02,0,0
20000005,100.95,2968.99,3069.94,5711.0,40037.0,33098.0,12326.0,9633.0,9631.0,5626.0,1,2014-04-14,0,0
20000006,0.01,59682.72,59682.73,6838.0,44358.0,37460.0,15660.0,11280.0,11278.0,8615.0,1,2014-09-12,0,0
20000007,142.5,4142.38,4284.88,15259.0,89947.0,114341.0,11139.0,-6626.0,-6628.0,16007.0,1,2021-03-08,0,0
20000008,205.97,3135.06,3341.03,7296.0,56371.0,43137.0,7583.0,1631.0,19186.0,9490.0,1,2021-06-20,0,0
20000010,0.02,86224.71,86224.73,8470.0,50393.0,37571.0,16869.0,4131.0,25560.0,9017.0,1,2019-09-18,0,0
20000011,148.04,4626.14,4774.18,5403.0,37507.0,30824.0,1841.0,4263.0,4261.0,6781.0,1,2020-09-27,0,0
20000012,146.91,4398.46,4545.37,9880.0,53867.0,49861.0,15545.0,9776.0,9774.0,11468.0,1,2012-03-09,0,0
20000013,239.38,5261.07,5500.45,13527.0,88788.0,55855.0,26803.0,18123.0,41613.0,12288.0,1,2019-03-07,0,0
20000014,90.47,3401.2,3491.67,5775.0,27004.0,21667.0,8766.0,510.0,13593.0,3683.0,1,2021-07-31,0,0
20000015,78.18,6625.67,6703.85,51289.0,261985.0,170875.0,23482.0,14678.0,99913.0,22213.0,1,2021-03-28,0,0
20000016,157.24,4531.33,4688.57,7326.0,50042.0,40635.0,15899.0,248.0,25057.0,8127.0,1,2020-05-27,0,0
20000017,224.21,4121.53,4345.74,10820.0,73069.0,49628.0,20188.0,10056.0,33572.0,10918.0,1,2021-11-06,0,0
20000018,230.86,4692.28,4923.14,6940.0,134483.0,103709.0,18130.0,3120.0,45784.0,10370.0,1,2019-03-12,0,0
20000019,0.02,214302.22,214302.24,14764.0,60863.0,31539.0,7862.0,8321.0,28864.0,7884.0,1,2021-02-16,0,0
20000020,115.23,3669.69,3784.92,6555.0,62583.0,71191.0,102110.0,40800.0,52702.0,8542.0,1,2020-03-02,0,0
20000021,110.92,3521.36,3632.28,9792.0,54367.0,41877.0,17149.0,2463.0,27176.0,5444.0,1,2021-06-07,0,0
20000022,123.54,4245.43,4368.97,9003.0,54099.0,41873.0,16331.0,1793.0,26763.0,10468.0,1,2021-07-01,0,0
20000023,0.02,364587.72,364587.74,12570.0,103350.0,120075.0,197052.0,84198.0,96128.0,20412.0,0,2020-11-13,1,0
20000024,69.07,2606.47,2675.54,7661.0,65212.0,51793.0,22552.0,2620.0,33350.0,8287.0,0,2021-02-27,0,0
20000025,474.48,2472.55,2947.03,5950.0,44157.0,23900.0,10931.0,14662.0,16526.0,4063.0,1,2021-11-27,0,0
20000026,206.37,6291.68,6498.05,6997.0,22535.0,22166.0,57367.0,32167.0,25568.0,4654.0,1,2021-07-29,0,0
20000027,221.95,8312.9,8534.85,45534.0,226065.0,133871.0,20408.0,9083.0,103518.0,13387.0,1,2021-07-30,1,1
20000028,214.0,3912.32,4126.32,5401.0,92278.0,68513.0,9419.0,2675.0,30509.0,7536.0,1,2020-06-28,0,0
20000029,0.02,222673.68,222673.7,16536.0,117666.0,85835.0,29049.0,8063.0,52818.0,11158.0,1,2020-02-20,0,0
20000030,192.38,3447.74,3640.12,6729.0,92942.0,53050.0,13379.0,21374.0,31896.0,5305.0,1,2020-09-30,0,0
20000031,433.86,5976.02,6409.88,4701.0,98261.0,67591.0,11131.0,10077.0,31724.0,9462.0,1,2017-05-30,0,0
20000032,208.79,6213.92,6422.71,8455.0,49404.0,60610.0,13018.0,907.0,905.0,7273.0,1,2011-03-09,0,0
20000033,83.26,2677.16,2760.42,7707.0,49542.0,34814.0,12778.0,3824.0,23681.0,6614.0,1,2021-07-06,0,0
20000034,94.87,8249.4,8344.27,48748.0,169978.0,89427.0,14800.0,30679.0,64672.0,21462.0,1,2019-08-02,0,0
20000035,154.6,5747.25,5901.85,14413.0,79805.0,37329.0,7796.0,13480.0,36792.0,3732.0,1,2021-03-11,0,0
20000036,153.68,4628.84,4782.52,5893.0,41740.0,49209.0,10448.0,1490.0,1489.0,12302.0,1,2021-03-03,0,0
20000037,597.83,4659.63,5257.46,5558.0,28374.0,19472.0,131389.0,50823.0,89467.0,2531.0,1,2021-12-07,0,0
20000038,81.58,3385.25,3466.83,8910.0,57124.0,46706.0,12836.0,11628.0,11626.0,9808.0,1,2020-02-19,0,0
20000039,111.63,2022.27,2133.9,17305.0,123621.0,65763.0,32230.0,33982.0,56106.0,6576.0,1,2014-12-13,0,0
20000040,328.26,4330.6,4658.86,4670.0,83920.0,63930.0,5845.0,700.0,25134.0,14064.0,1,2019-04-29,0,0
20000041,98.53,4037.96,4136.49,9540.0,69872.0,57397.0,23062.0,221.0,35315.0,7461.0,1,2013-07-28,0,0
20000042,205.84,3465.25,3671.09,11260.0,71811.0,47068.0,22488.0,13284.0,33948.0,11296.0,1,2019-04-14,0,0
20000043,159.72,5219.54,5379.26,17459.0,86361.0,39326.0,8084.0,15452.0,39667.0,4719.0,1,2016-02-15,0,0
20000044,193.08,6634.9,6827.98,7086.0,48775.0,36482.0,2223.0,7259.0,7257.0,7296.0,1,2020-03-24,0,0
20000045,224.62,3892.82,4117.44,3346.0,48044.0,43178.0,4387.0,4627.0,4625.0,5613.0,0,2018-02-12,0,0
20000046,82.37,2860.23,2942.6,8430.0,64188.0,54777.0,17140.0,13277.0,13275.0,10407.0,1,2004-01-20,0,0
20000047,235.89,8335.49,8571.38,22574.0,176265.0,125122.0,8143.0,29643.0,29642.0,26275.0,1,2018-01-19,0,1
20000048,142.73,4418.74,4561.47,13288.0,75343.0,39782.0,10021.0,9730.0,35853.0,5171.0,1,2018-10-04,0,0
20000049,80.25,7101.51,7181.76,44905.0,186393.0,97320.0,17788.0,35397.0,71463.0,23357.0,1,2021-08-07,1,0
20000050,130.27,3865.44,3995.71,9299.0,80679.0,69975.0,17863.0,14284.0,14282.0,8397.0,0,2021-02-09,1,0
20000051,111.33,3425.61,3536.94,36095.0,219886.0,166125.0,74299.0,16270.0,111790.0,28241.0,1,2010-10-29,0,1
20000052,145.77,2760.72,2906.49,18041.0,128297.0,86922.0,35263.0,17757.0,58882.0,10430.0,1,2009-02-07,0,0
20000053,0.02,994890.39,994890.41,60281.0,328011.0,156943.0,36364.0,54394.0,153038.0,32958.0,1,2017-06-05,0,1
20000054,0.08,54244.71,54244.79,8343.0,51317.0,32398.0,12354.0,12171.0,19101.0,5183.0,1,2018-10-10,0,0
20000055,70.11,2344.85,2414.96,7650.0,59211.0,44729.0,17218.0,2656.0,29043.0,8498.0,1,2007-09-19,0,0
20000056,326.7,3590.11,3916.81,14626.0,20791.0,14142.0,460492.0,197622.0,269519.0,3535.0,1,2021-01-27,1,0
20000057,0.04,25863.71,25863.75,10867.0,33645.0,20911.0,275593.0,115153.0,173173.0,3764.0,1,2020-11-24,0,0
20000058,206.12,3000.23,3206.35,6690.0,90829.0,84955.0,9980.0,7928.0,7926.0,21238.0,1,2020-05-30,0,0
20000059,0.01,120100.77,120100.78,30344.0,266010.0,322523.0,597436.0,264620.0,276303.0,41928.0,0,2004-07-27,0,1
20000060,224.7,3984.12,4208.82,6002.0,100432.0,112782.0,14486.0,1069.0,1067.0,21428.0,1,2021-07-07,0,0
20000061,219.36,5042.85,5262.21,17330.0,114895.0,72345.0,37834.0,25401.0,54982.0,11575.0,1,2020-01-14,0,0
20000062,190.14,6533.85,6723.99,11055.0,120535.0,141643.0,139755.0,35354.0,83292.0,18413.0,0,2021-09-19,0,0
20000063,0.01,146983.02,146983.03,9348.0,69228.0,60230.0,17471.0,13236.0,13234.0,15057.0,1,2021-02-04,0,0
20000064,198.8,2971.61,3170.41,5808.0,40181.0,26292.0,10085.0,5878.0,18095.0,6310.0,1,2017-10-02,0,0
20000065,0.01,47005.29,47005.3,17305.0,122888.0,62440.0,13260.0,16526.0,57182.0,9366.0,1,2021-05-25,0,0
20000066,0.03,42136.65,42136.68,7793.0,107802.0,124476.0,9496.0,-3587.0,-3589.0,21161.0,1,2021-01-12,0,1
20000067,0.03,429000.04,429000.07,34693.0,496069.0,491856.0,48248.0,26231.0,26229.0,98371.0,1,2021-05-06,0,3
20000068,260.34,5045.42,5305.76,6545.0,119060.0,114136.0,14253.0,9589.0,9588.0,11413.0,1,2019-09-17,0,0
20000069,186.91,6128.25,6315.16,22563.0,154041.0,191860.0,51687.0,6934.0,6933.0,19186.0,1,2021-10-28,0,1
20000070,113.04,3467.39,3580.43,5825.0,42069.0,35117.0,10014.0,8484.0,8482.0,8076.0,1,2008-08-18,0,0
20000071,149.92,2916.65,3066.57,5849.0,119536.0,95605.0,13982.0,18957.0,18955.0,16252.0,0,2020-08-24,0,0
20000072,0.01,26030.11,26030.12,6381.0,37380.0,27298.0,10760.0,2549.0,18293.0,3275.0,1,2021-06-12,0,0
20000073,214.89,3528.6,3743.49,5464.0,107661.0,82430.0,12386.0,1603.0,36014.0,12364.0,1,2021-05-29,0,0
20000074,0.0,35579.19,35579.19,38820.0,113252.0,62141.0,11744.0,19106.0,43749.0,9321.0,1,2020-08-04,0,0
20000075,231.51,4090.34,4321.85,5926.0,104430.0,119113.0,14913.0,115.0,114.0,28587.0,1,2018-10-24,0,0
20000076,0.01,2109723.99,2109724.0,44194.0,141639.0,81920.0,16670.0,20981.0,55408.0,9830.0,0,2011-05-04,0,0
20000077,52.1,6058.58,6110.68,52641.0,240276.0,127778.0,26988.0,45943.0,93542.0,15333.0,1,2021-12-07,0,0
20000078,664.3,5040.21,5704.51,64077.0,601081.0,408645.0,1146248.0,360179.0,978504.0,65383.0,1,2019-05-21,0,1
20000079,0.04,471813.81,471813.85,24380.0,197702.0,152203.0,59977.0,12711.0,92764.0,36528.0,1,2020-11-30,1,2
20000080,73.88,2323.27,2397.15,8127.0,57815.0,47881.0,15561.0,12749.0,12747.0,6224.0,1,2021-03-29,0,0
20000081,88.26,2580.76,2669.02,10356.0,57672.0,30054.0,5275.0,6454.0,26438.0,6311.0,1,2021-02-12,0,0
20000082,80.09,2550.64,2630.73,8214.0,58263.0,40200.0,14825.0,5114.0,27773.0,10050.0,1,2015-02-23,0,0
20000083,0.06,12681.77,12681.83,3860.0,25279.0,19330.0,8462.0,4289.0,10122.0,4252.0,1,2006-05-19,0,0
20000084,188.29,3743.35,3931.64,3442.0,62112.0,47623.0,7901.0,1386.0,21004.0,11905.0,1,2020-12-26,0,0
20000085,325.34,9540.82,9866.16,21776.0,154030.0,138085.0,5791.0,10869.0,10867.0,23474.0,1,2021-08-10,0,1
20000086,96.19,3657.39,3753.58,7283.0,47259.0,39992.0,15598.0,11433.0,11431.0,4399.0,1,2021-02-13,0,0
20000087,136.41,3954.03,4090.44,5408.0,42458.0,45882.0,11398.0,3987.0,3986.0,10553.0,1,2021-07-07,0,0
20000088,0.05,187092.15,187092.2,45060.0,307619.0,205137.0,91037.0,73922.0,119597.0,28719.0,1,2018-11-06,1,2
20000089,358.64,5577.56,5936.2,3233.0,42396.0,45459.0,4050.0,494.0,492.0,4545.0,1,2016-10-07,0,0
20000090,108.43,10526.94,10635.37,40332.0,178798.0,98019.0,15151.0,28047.0,67882.0,16663.0,1,2017-07-11,0,0
20000091,0.01,25292.53,25292.54,6368.0,45528.0,43878.0,15817.0,5811.0,11655.0,10092.0,1,2019-11-26,0,0
20000092,0.03,51144.51,51144.54,4044.0,57121.0,52610.0,5380.0,4946.0,4944.0,12100.0,1,2019-08-20,0,0
20000093,69.87,2031.07,2100.94,7809.0,44974.0,38527.0,15950.0,11199.0,11197.0,4623.0,1,2020-08-23,0,0
20000094,73.28,2797.09,2870.37,5863.0,45502.0,37983.0,13131.0,10326.0,10324.0,6077.0,1,2021-06-06,0,0
20000095,916.49,7285.31,8201.8,14809.0,117285.0,77070.0,260566.0,89184.0,211597.0,9248.0,1,2021-09-21,0,0
20000096,0.05,101516.72,101516.77,9957.0,260917.0,201976.0,866642.0,418181.0,507402.0,36355.0,1,2020-10-08,0,0
20000097,1138.3,32338.08,33476.38,36527.0,317814.0,270392.0,13905.0,30664.0,30663.0,54078.0,0,2021-10-12,0,2
20000098,239.71,2870.79,3110.5,1410.0,15455.0,13576.0,1161.0,1521.0,1519.0,2036.0,1,2016-08-09,0,0
20000099,135.01,3317.17,3452.18,14950.0,105335.0,99271.0,26730.0,16398.0,16396.0,15883.0,1,2020-11-27,0,0
20000100,319.06,4584.13,4903.19,37676.0,908749.0,664108.0,97149.0,40020.0,301769.0,139462.0,1,2010-07-24,0,1
20000102,361.41,5560.21,5921.62,5284.0,86252.0,99070.0,7013.0,-2901.0,-2903.0,13869.0,1,2003-08-17,0,1
20000103,524.06,7606.16,8130.22,7862.0,107128.0,97901.0,10336.0,9782.0,9781.0,15664.0,1,2021-05-27,0,1
20000104,851.81,28393.62,29245.43,57980.0,605346.0,762583.0,1240672.0,492709.0,590726.0,114387.0,1,2021-07-28,1,2
20000105,0.01,521096.23,521096.24,6968.0,118086.0,112300.0,65906.0,20174.0,51517.0,26952.0,1,2020-10-05,0,0
20000107,125.46,4958.71,5084.17,7248.0,45192.0,41060.0,14881.0,9507.0,9505.0,8212.0,1,2020-08-06,0,0
20000108,86.89,2812.01,2898.9,9805.0,79322.0,58125.0,17148.0,1686.0,36658.0,11043.0,1,2019-07-28,0,0
20000109,162.19,4870.45,5032.64,56506.0,392952.0,311526.0,116290.0,4204.0,193512.0,34267.0,1,2021-09-11,0,1
20000110,93.36,2926.57,3019.93,16169.0,87551.0,41809.0,8237.0,13748.0,40231.0,7525.0,1,2021-04-09,0,0
20000111,0.03,0.0,0.03,3305.0,39739.0,36106.0,3568.0,3601.0,3599.0,7582.0,1,2021-06-03,0,0
20000112,0.05,619368.52,619368.57,85369.0,381332.0,273020.0,2154123.0,842579.0,1419855.0,57334.0,1,2021-05-20,0,1
20000113,0.01,13007.59,13007.6,2142.0,14791.0,23589.0,4033.0,-2381.0,-2383.0,2358.0,1,2020-06-06,0,0
20000114,0.02,12938.21,12938.23,15739.0,133896.0,111882.0,31424.0,26720.0,26718.0,19020.0,1,2018-10-13,0,0
20000115,50.15,1951.18,2001.33,9868.0,54474.0,45376.0,19539.0,511.0,28125.0,5445.0,1,2015-08-30,0,0
20000116,129.04,4658.43,4787.47,10001.0,111055.0,128680.0,120098.0,28504.0,73969.0,28309.0,1,2010-08-02,0,0
20000117,143.34,4809.95,4953.29,2128.0,13322.0,10253.0,476.0,1774.0,1772.0,1845.0,1,2021-07-02,1,0
20000118,382.9,4985.66,5368.56,7236.0,98834.0,88132.0,9176.0,9940.0,9938.0,22033.0,1,2020-09-28,0,1
20000119,0.03,45088.52,45088.55,5908.0,44650.0,28650.0,11299.0,7157.0,20141.0,7162.0,1,2018-10-01,0,0
20000120,565.99,5426.6,5992.59,8024.0,37576.0,27533.0,170259.0,63914.0,116388.0,6332.0,1,2021-03-28,0,0
20000121,123.9,4228.56,4352.46,14194.0,75935.0,35594.0,8119.0,13157.0,35303.0,3559.0,1,2021-05-14,1,0
20000122,306.93,9244.96,9551.89,28723.0,266489.0,286149.0,619917.0,316606.0,283650.0,51506.0,1,2011-08-28,0,1
20000123,172.21,6150.35,6322.56,49601.0,328042.0,277145.0,80988.0,65943.0,65941.0,55429.0,1,2021-07-09,0,1
20000124,565.72,4730.06,5295.78,13136.0,46209.0,27503.0,366378.0,154035.0,231049.0,3850.0,1,2021-02-01,0,0
20000125,0.03,157084.94,157084.97,13530.0,120363.0,73687.0,28167.0,21372.0,53471.0,11053.0,1,2002-10-11,0,0
20000126,137.96,4523.15,4661.11,17012.0,79303.0,62394.0,19308.0,18109.0,18107.0,13102.0,1,2017-02-24,0,1
20000127,405.44,2088.84,2494.28,6680.0,57014.0,47114.0,13076.0,1949.0,21027.0,10365.0,1,2021-08-26,0,0
20000128,134.11,4340.26,4474.37,5371.0,38706.0,45491.0,8954.0,1085.0,1083.0,7278.0,1,2021-05-24,0,0
20000129,0.04,44660.71,44660.75,10383.0,11070.0,10976.0,255044.0,106114.0,149024.0,1097.0,0,2021-06-03,0,0
20000130,106.67,3312.78,3419.45,14223.0,71582.0,48293.0,8702.0,15996.0,15995.0,5795.0,1,2021-08-01,0,0
20000131,9162.79,115110.48,124273.27,42776.0,801680.0,927726.0,62795.0,-31623.0,-31625.0,231931.0,1,2016-06-11,0,3
20000132,1064.14,18968.7,20032.84,42134.0,276520.0,164975.0,96289.0,73622.0,134211.0,24746.0,1,2021-08-12,1,2
20000133,56.31,1955.09,2011.4,9984.0,53861.0,37345.0,17402.0,6837.0,27080.0,5601.0,0,2004-11-08,0,0
20000134,117.92,10435.62,10553.54,37153.0,644610.0,495978.0,235523.0,137718.0,246437.0,64477.0,1,2021-08-06,0,1
20000135,176.86,5458.61,5635.47,5646.0,40255.0,31805.0,1726.0,5089.0,5087.0,3498.0,1,2015-05-30,1,0
20000136,0.01,152711.43,152711.44,10088.0,113235.0,124135.0,126791.0,39082.0,76808.0,21103.0,1,2002-03-18,0,0
20000137,279.97,7908.68,8188.65,36252.0,201530.0,105609.0,24654.0,25577.0,94997.0,23234.0,1,2020-05-05,0,1
20000138,95.21,2825.17,2920.38,7865.0,63207.0,49038.0,15346.0,14758.0,14757.0,6865.0,1,2021-09-05,0,0
20000139,145.51,2679.82,2825.33,5197.0,32013.0,18776.0,9168.0,7580.0,14825.0,3567.0,1,2021-10-14,0,0
20000140,178.94,5309.66,5488.6,5288.0,35024.0,36292.0,1166.0,-49.0,-51.0,7621.0,1,2021-05-12,0,0
20000141,86.26,3279.95,3366.21,4038.0,28444.0,19837.0,1138.0,4873.0,4872.0,3769.0,1,2020-04-13,1,0
20000142,353.61,4000.08,4353.69,6039.0,17251.0,10185.0,143675.0,60622.0,90118.0,2546.0,1,2017-07-31,0,0
20000143,0.05,185795.27,185795.32,9636.0,66163.0,41823.0,16244.0,10916.0,29666.0,5855.0,1,2018-05-16,0,1
20000144,158.41,4785.91,4944.32,15732.0,89721.0,45413.0,8249.0,11409.0,41147.0,7266.0,1,2018-02-24,0,0
20000145,382.03,12051.48,12433.51,26679.0,250828.0,274331.0,376493.0,152246.0,200742.0,27433.0,0,2020-08-03,0,1
20000146,175.8,4924.23,5100.03,13576.0,62958.0,31334.0,8245.0,9963.0,29905.0,5953.0,1,2019-12-09,1,0
20000147,127.41,4957.57,5084.98,11981.0,62339.0,26536.0,8132.0,14337.0,29598.0,2653.0,1,2020-04-13,0,0
20000148,0.01,94034.05,94034.06,5919.0,39521.0,48564.0,9381.0,169.0,168.0,11169.0,1,2020-06-30,0,0
20000149,101.8,3066.23,3168.03,9778.0,68154.0,52154.0,23244.0,4512.0,34731.0,12517.0,1,2021-01-14,0,0
20000150,0.11,293721.29,293721.4,28963.0,208094.0,156614.0,51945.0,25413.0,78011.0,32889.0,1,2018-01-31,0,1
20000151,0.03,367656.47,367656.5,41616.0,608581.0,459699.0,59690.0,8090.0,200481.0,73551.0,0,2019-06-16,0,1
20000152,82.24,2546.19,2628.43,5773.0,42767.0,34576.0,1964.0,5078.0,5076.0,6915.0,1,2016-07-01,0,0
20000153,1051.42,31199.53,32250.95,136324.0,513807.0,214681.0,62080.0,119333.0,241873.0,25761.0,1,2018-10-31,1,2
20000154,0.03,9895.85,9895.88,5923.0,102673.0,78079.0,13987.0,3583.0,34998.0,11711.0,0,2021-02-15,0,0
20000155,75.04,8431.98,8507.02,81479.0,347377.0,165238.0,30617.0,80458.0,132298.0,39657.0,1,2021-10-28,0,1
20000156,77.42,6561.1,6638.52,59692.0,253913.0,134717.0,30284.0,50011.0,99469.0,16166.0,1,2009-09-03,1,0
20000157,156.75,2561.26,2718.01,6479.0,101121.0,86629.0,12554.0,13524.0,13522.0,19058.0,1,2011-04-15,0,0
20000158,276.3,3175.91,3452.21,13117.0,291109.0,235691.0,517079.0,208812.0,363685.0,49495.0,1,2019-05-28,1,0
20000159,120.54,4058.56,4179.1,12279.0,67648.0,31852.0,6026.0,10879.0,30943.0,3503.0,1,2020-10-21,0,0
20000160,0.01,693630.31,693630.32,29949.0,228241.0,306024.0,386434.0,111955.0,196696.0,48963.0,1,2020-06-03,0,1
20000161,85.6,2391.05,2476.65,8581.0,60533.0,46499.0,18545.0,2530.0,30050.0,10229.0,1,2021-07-21,0,0
20000162,74.42,3012.88,3087.3,4990.0,36220.0,28652.0,8139.0,7854.0,7852.0,6303.0,1,2021-01-19,0,0
20000163,128.93,4883.81,5012.74,15163.0,81709.0,38297.0,10826.0,15373.0,38865.0,7276.0,1,2021-11-30,0,0
20000164,166.99,6522.95,6689.94,27400.0,191700.0,153361.0,55183.0,46762.0,46760.0,30672.0,1,2018-11-25,0,1
20000165,149.26,5922.99,6072.25,7186.0,53664.0,66257.0,14750.0,1079.0,1077.0,8613.0,1,2021-10-15,0,0
20000166,126.15,4554.29,4680.44,17263.0,90919.0,41197.0,10079.0,17382.0,42419.0,7415.0,0,2017-09-11,1,0
20000167,134.61,4018.26,4152.87,6876.0,50250.0,35854.0,14833.0,4497.0,24731.0,5019.0,1,2021-07-31,0,0
20000168,0.02,64183.96,64183.98,17436.0,128429.0,82406.0,42891.0,27238.0,61675.0,13185.0,1,2021-10-21,0,0
20000169,0.02,174645.16,174645.18,4838.0,30307.0,18502.0,1087.0,1590.0,11302.0,1850.0,0,2015-01-24,0,0
20000170,178.7,1690.6,1869.3,0.0,469345.0,379629.0,914338.0,381397.0,622657.0,49351.0,1,2015-11-15,0,0
20000171,291.32,8696.0,8987.32,9028.0,79320.0,84592.0,152909.0,73323.0,74313.0,20302.0,1,2019-09-18,0,1
20000172,67.78,8472.29,8540.07,122355.0,536134.0,282909.0,44751.0,94666.0,203310.0,45265.0,1,2001-08-20,0,1
20000173,328.64,4459.15,4787.79,8248.0,106438.0,91959.0,7726.0,11103.0,11101.0,22070.0,0,2021-09-19,0,1
20000174,166.02,5338.12,5504.14,10747.0,89890.0,101438.0,133539.0,50493.0,71497.0,15215.0,1,2021-06-04,0,0
20000175,0.01,46782.21,46782.22,15426.0,79425.0,37029.0,10707.0,15247.0,37856.0,4073.0,1,2001-12-17,0,0
20000176,0.02,99040.87,99040.89,2631.0,30292.0,22354.0,3361.0,1203.0,10096.0,4023.0,1,2020-03-06,0,0
20000177,447.49,4139.56,4587.05,4978.0,17734.0,11384.0,87825.0,35062.0,59113.0,2732.0,1,2021-02-04,0,0
20000178,0.02,115678.03,115678.05,11087.0,111372.0,129552.0,139195.0,40833.0,80181.0,31092.0,1,2021-01-24,0,0
20000179,677.42,5139.77,5817.19,11607.0,96942.0,58072.0,183562.0,65349.0,157082.0,13356.0,1,2021-10-15,0,0
20000180,157.19,4748.92,4906.11,15782.0,84597.0,40591.0,8571.0,13446.0,39131.0,8524.0,1,2020-10-29,0,0
20000181,194.78,7638.29,7833.07,65054.0,395175.0,185315.0,36238.0,64904.0,181193.0,29650.0,1,2021-07-08,0,1
20000182,0.01,59512.81,59512.82,8054.0,52827.0,70388.0,17190.0,-184.0,-185.0,16189.0,1,2018-06-08,0,0
20000183,168.87,5412.65,5581.52,6564.0,44333.0,51532.0,13284.0,3043.0,3041.0,11852.0,1,2019-08-13,0,0
20000184,402.42,4998.95,5401.37,7160.0,93741.0,82932.0,8596.0,9703.0,9701.0,12439.0,1,2020-10-08,0,1
20000185,0.03,500110.66,500110.69,62281.0,451063.0,287610.0,144007.0,93234.0,214225.0,71902.0,1,2009-10-24,0,1
20000186,631.69,25067.15,25698.84,26349.0,178535.0,183218.0,448961.0,243478.0,200798.0,23818.0,1,2021-11-11,1,2
20000187,3240.19,106936.91,110177.1,64199.0,307519.0,486949.0,103668.0,-37879.0,-37881.0,63303.0,1,2021-06-03,0,3
20000188,0.0,51887.71,51887.71,56742.0,248609.0,146221.0,20961.0,28999.0,94349.0,32168.0,1,2021-05-10,0,0
20000189,190.95,2267.81,2458.76,0.0,246289.0,183086.0,534590.0,246397.0,351396.0,40279.0,0,2021-10-26,0,0
20000191,128.74,13272.22,13400.96,30737.0,618150.0,533544.0,217639.0,68224.0,234021.0,96037.0,1,2009-09-04,0,1
20000192,67.9,8487.69,8555.59,48150.0,136808.0,74500.0,10958.0,21548.0,51718.0,7450.0,1,2021-11-28,0,0
20000193,311.32,4422.09,4733.41,4105.0,53961.0,49681.0,4835.0,4558.0,4556.0,9936.0,0,2008-08-30,0,0
20000194,124.99,2408.31,2533.3,16857.0,100805.0,63400.0,23997.0,16473.0,44928.0,10144.0,1,2021-08-24,0,0
20000195,0.01,79589.46,79589.47,6045.0,41441.0,31580.0,10146.0,404.0,19603.0,7895.0,1,2014-09-03,0,0
20000196,152.15,5453.34,5605.49,8095.0,76145.0,66231.0,19692.0,14804.0,14802.0,13246.0,1,2018-08-29,0,0
20000197,0.01,15444.88,15444.89,9001.0,38891.0,29765.0,13667.0,2821.0,19972.0,5953.0,1,2020-01-17,0,0
20000198,191.28,5465.16,5656.44,13497.0,57455.0,27281.0,5530.0,9250.0,26454.0,3273.0,1,2020-07-15,0,0
20000199,0.01,93471.33,93471.34,17508.0,87414.0,43942.0,11493.0,13423.0,41541.0,10985.0,1,2003-07-24,0,0
20000200,0.02,83419.01,83419.03,7379.0,52166.0,51859.0,2446.0,1378.0,1376.0,9334.0,1,2016-06-08,0,0
20000201,267.04,8423.82,8690.86,65495.0,312294.0,117653.0,35704.0,84185.0,146159.0,25883.0,0,2021-11-10,0,1
20000202,0.01,13022.76,13022.77,6271.0,58091.0,48320.0,14143.0,11958.0,11956.0,7248.0,1,2019-11-22,0,0
20000203,307.45,4766.7,5074.15,4122.0,79573.0,60356.0,8549.0,1329.0,26436.0,10260.0,1,2017-08-20,0,0
20000204,191.12,6975.33,7166.45,20808.0,153171.0,127780.0,5971.0,15681.0,15680.0,31945.0,1,2020-12-01,0,1
20000205,253.21,4234.2,4487.41,5264.0,124903.0,65702.0,17032.0,35071.0,41161.0,9198.0,1,2021-04-16,0,0
20000206,86.34,2698.23,2784.57,7405.0,33387.0,30918.0,9954.0,6213.0,6211.0,3710.0,1,2021-08-28,0,0
20000207,79.6,6921.77,7001.37,52906.0,239566.0,97062.0,24110.0,74327.0,92287.0,24265.0,1,2013-07-26,0,0
20000208,373.86,3429.87,3803.73,13873.0,112278.0,72558.0,271186.0,96166.0,214740.0,13060.0,1,2021-10-25,0,0
20000209,0.05,119113.16,119113.21,12698.0,290009.0,194412.0,1229956.0,641568.0,683984.0,19441.0,1,2021-10-07,0,0
20000210,245.58,4497.87,4743.45,6431.0,111854.0,85922.0,16651.0,4031.0,38551.0,18902.0,1,2021-08-10,0,0
20000211,228.57,4304.44,4533.01,6924.0,130233.0,103088.0,16096.0,21621.0,21619.0,25772.0,1,2021-05-05,0,0
20000212,244.8,4680.62,4925.42,15561.0,108792.0,71187.0,34983.0,20829.0,51759.0,12101.0,1,2020-08-04,0,0
20000213,162.89,5540.54,5703.43,38920.0,307717.0,233756.0,70778.0,911.0,143828.0,58439.0,1,2014-03-20,0,1
20000214,410.76,5259.36,5670.12,3834.0,51458.0,45503.0,5404.0,5680.0,5678.0,8645.0,1,2020-09-23,1,0
20000215,256.86,9766.6,10023.46,19147.0,150465.0,139583.0,7268.0,9075.0,9074.0,26520.0,0,2021-09-07,0,1
20000216,170.73,4809.21,4979.94,15226.0,70980.0,34654.0,8469.0,11426.0,33369.0,5544.0,1,2013-12-23,0,0
20000217,0.02,86706.85,86706.87,6893.0,48879.0,46724.0,2023.0,2090.0,2088.0,4672.0,1,2013-12-05,0,0
20000218,395.7,6775.69,7171.39,17530.0,117115.0,108199.0,36765.0,22841.0,22839.0,12983.0,1,2020-06-29,0,0
20000219,148.61,5072.15,5220.76,13972.0,40237.0,21848.0,5486.0,4671.0,19204.0,5025.0,1,2018-07-02,0,0
20000220,333.73,5288.96,5622.69,4883.0,67441.0,72793.0,6261.0,455.0,453.0,7279.0,1,2021-11-13,0,0
20000221,0.01,203025.98,203025.99,13252.0,90227.0,59671.0,3346.0,215.0,33686.0,14917.0,1,2015-06-18,0,1
20000222,76.81,3160.7,3237.51,8044.0,64128.0,82640.0,17170.0,-670.0,-672.0,17354.0,1,2021-05-10,0,0
20000223,135.14,14077.53,14212.67,21671.0,340911.0,355909.0,186815.0,24054.0,147763.0,85418.0,1,2020-02-25,1,1
20000224,112.43,3417.28,3529.71,9220.0,66422.0,65710.0,18542.0,9627.0,9626.0,6571.0,1,2021-03-28,0,0
20000225,113.49,4282.76,4396.25,29653.0,187025.0,157486.0,59423.0,44481.0,44480.0,20473.0,1,2019-07-18,0,1
20000226,0.02,80082.48,80082.5,4522.0,38777.0,51122.0,81753.0,30838.0,38569.0,7668.0,1,2019-04-18,0,0
20000227,0.01,135538.41,135538.42,17065.0,95615.0,42972.0,11122.0,18935.0,44829.0,6875.0,1,2009-03-12,0,0
20000228,320.43,6115.17,6435.6,55041.0,369896.0,207191.0,114159.0,102604.0,174260.0,47654.0,1,2021-08-16,0,1
20000229,0.01,56624.67,56624.68,23053.0,160226.0,254426.0,45773.0,-24212.0,-24214.0,30531.0,1,2009-05-19,0,1
20000230,64.01,2019.35,2083.36,9016.0,54505.0,42132.0,12428.0,12401.0,12399.0,4213.0,1,2017-05-18,0,0
20000231,58.29,5948.15,6006.44,28769.0,121002.0,55211.0,14459.0,32838.0,47411.0,6073.0,1,2018-05-26,0,0
20000232,59.61,1868.73,1928.34,9523.0,68630.0,55643.0,18814.0,15902.0,15900.0,6677.0,1,2019-07-05,0,0
20000233,0.01,103035.61,103035.62,11425.0,76865.0,77680.0,204322.0,113526.0,89980.0,19420.0,1,2020-08-15,0,0
20000234,109.19,4199.66,4308.85,10871.0,54472.0,25865.0,6870.0,9713.0,25763.0,5949.0,1,2014-11-05,0,0
20000235,68.67,2351.71,2420.38,7124.0,48946.0,39006.0,2035.0,5988.0,5986.0,5070.0,1,2021-02-18,0,0
20000237,244.33,8788.69,9033.02,14434.0,71579.0,33709.0,6598.0,11633.0,32834.0,4045.0,0,2017-07-03,0,0
20000238,137.0,11913.46,12050.46,52850.0,648804.0,576481.0,359281.0,149340.0,282264.0,57648.0,1,2016-07-30,1,1
20000239,557.0,3048.7,3605.7,7209.0,53810.0,41456.0,12520.0,4975.0,19899.0,5389.0,1,2021-02-23,0,0
20000240,175.22,2675.13,2850.35,5126.0,130039.0,102687.0,20315.0,4064.0,43603.0,11295.0,1,2020-01-22,0,0
20000241,0.03,309532.05,309532.08,5461.0,68882.0,52850.0,9816.0,2239.0,23609.0,10041.0,1,2021-04-18,0,0
20000242,0.03,79000.65,79000.68,10918.0,242025.0,206701.0,1008105.0,480870.0,562558.0,39273.0,1,2021-08-04,0,0
20000243,85.42,3187.15,3272.57,10000.0,57476.0,48346.0,19331.0,14231.0,14229.0,6768.0,1,2021-11-05,0,0
20000244,123.42,4086.82,4210.24,16117.0,72626.0,39930.0,6435.0,5925.0,33205.0,7187.0,1,2021-01-31,0,0
20000245,7447.12,110327.73,117774.85,15255.0,200499.0,162440.0,19307.0,28684.0,28682.0,24366.0,1,2021-06-11,1,3
20000246,163.67,5824.65,5988.32,4138.0,26309.0,34205.0,9224.0,665.0,663.0,3762.0,1,2014-07-06,0,0
20000247,146.66,5352.52,5499.18,8297.0,65293.0,50299.0,20299.0,2767.0,32525.0,8047.0,1,2021-11-29,0,0
20000248,223.54,2988.52,3212.06,3978.0,25998.0,15433.0,9283.0,7147.0,12701.0,3086.0,1,2021-10-04,0,0
20000249,0.02,89969.08,89969.1,30158.0,556249.0,366414.0,69368.0,71517.0,187685.0,43969.0,1,2018-12-12,0,1
20000250,134.89,11529.23,11664.12,127825.0,589477.0,323197.0,68054.0,104198.0,230136.0,64639.0,0,2021-03-05,0,1
20000252,0.02,38998.89,38998.91,6666.0,47247.0,89709.0,16680.0,-12890.0,-12891.0,21530.0,1,2015-07-31,0,0
20000253,66.17,7971.74,8037.91,44173.0,202901.0,113196.0,24337.0,34508.0,79533.0,21507.0,1,2020-04-30,0,0
20000254,123.74,3566.03,3689.77,2651.0,24175.0,17826.0,6731.0,1335.0,11744.0,2674.0,1,2014-06-16,0,0
20000255,304.67,3972.17,4276.84,5342.0,121604.0,88401.0,17914.0,10656.0,40460.0,13260.0,1,2020-12-31,0,0
20000256,370.35,3357.65,3728.0,13193.0,96935.0,58774.0,201512.0,72543.0,167130.0,6465.0,1,2021-05-21,0,0
20000257,0.03,10588.5,10588.53,4438.0,57354.0,56978.0,5237.0,2807.0,2806.0,11395.0,1,2019-12-30,0,0
20000258,111.1,1821.23,1932.33,7091.0,53110.0,41577.0,12750.0,574.0,23710.0,5405.0,1,2021-05-14,0,0
20000259,74.28,2824.37,2898.65,44895.0,369263.0,278787.0,91164.0,6678.0,174962.0,44605.0,1,2001-10-12,0,1
20000260,114.15,3977.28,4091.43,8567.0,59216.0,48789.0,18589.0,14508.0,14507.0,4878.0,1,2018-09-24,0,0
20000261,447.34,6086.25,6533.59,22425.0,466321.0,332287.0,74654.0,51805.0,156883.0,76426.0,1,2021-08-08,0,1
20000262,0.02,264.45,264.47,6412.0,39420.0,31680.0,1797.0,4769.0,4768.0,7920.0,1,2016-05-03,1,0
20000263,0.01,9502.66,9502.67,6286.0,41769.0,50978.0,14544.0,2669.0,2667.0,9685.0,1,2021-10-08,0,0
20000264,33.57,2844.53,2878.1,10650.0,227644.0,202637.0,85483.0,22814.0,87675.0,44580.0,1,2012-11-18,0,0
20000265,0.02,92679.12,92679.14,7135.0,54557.0,46183.0,15585.0,11980.0,11979.0,8312.0,1,2019-03-24,0,0
20000266,222.77,2377.44,2600.21,15013.0,272003.0,248547.0,1428019.0,686465.0,765010.0,27340.0,1,2008-08-17,0,0
20000267,206.58,6075.96,6282.54,14187.0,98478.0,46643.0,9454.0,15958.0,45331.0,8862.0,1,2005-06-14,0,0
20000268,99.84,3604.21,3704.05,8729.0,67420.0,61729.0,15061.0,10376.0,10375.0,9876.0,1,2003-03-22,0,0
20000269,98.31,3575.01,3673.32,6652.0,43675.0,58498.0,11325.0,-1747.0,-1749.0,9359.0,1,2021-02-14,0,0
20000270,167.53,3029.52,3197.05,15012.0,106819.0,68401.0,27402.0,17501.0,48320.0,8892.0,1,2019-02-27,0,0
20000271,0.03,94288.33,94288.36,15046.0,121909.0,86450.0,29515.0,10462.0,54513.0,20748.0,1,2019-03-08,0,0
20000272,138.91,2943.1,3082.01,18447.0,148184.0,98628.0,39780.0,21669.0,67667.0,22684.0,1,2007-08-27,0,0
20000273,267.88,9884.71,10152.59,6215.0,43663.0,33800.0,1514.0,5689.0,5688.0,3718.0,1,2021-10-25,0,0
20000274,0.02,28088.15,28088.17,56692.0,406585.0,262376.0,114384.0,71044.0,187549.0,44604.0,1,2021-01-26,0,1
20000275,343.79,3455.16,3798.95,14154.0,28800.0,16927.0,346211.0,148078.0,210006.0,4062.0,1,2009-07-26,0,0
20000276,0.03,56806.58,56806.61,7045.0,125605.0,100882.0,16119.0,20422.0,20420.0,25220.0,1,2021-01-23,0,0
20000277,94.21,3438.41,3532.62,15245.0,69987.0,31567.0,8933.0,14207.0,33147.0,5366.0,0,2020-12-08,0,0
20000278,0.01,57421.12,57421.13,6501.0,45979.0,66592.0,11987.0,-4311.0,-4313.0,13984.0,1,2018-02-09,0,0
20000279,0.03,51155.96,51155.99,6667.0,123423.0,106372.0,13863.0,15458.0,15456.0,20210.0,1,2021-11-27,0,0
20000280,0.01,105447.38,105447.39,12939.0,88709.0,43718.0,11053.0,14144.0,41900.0,6120.0,0,2020-12-09,0,0
20000281,0.02,76532.9,76532.92,12045.0,85795.0,54310.0,23766.0,15809.0,39442.0,11948.0,1,2017-08-17,0,0
20000282,1580.27,18925.42,20505.69,28509.0,192757.0,128230.0,51746.0,28252.0,88021.0,29492.0,1,2001-05-01,1,2
20000283,174.3,3270.19,3444.49,14747.0,103220.0,53655.0,32090.0,32943.0,48711.0,11804.0,1,2005-12-01,0,0
20000284,216.59,6153.21,6369.8,50522.0,327559.0,299378.0,97423.0,62802.0,62801.0,71850.0,1,2021-03-14,0,1
20000285,0.03,60828.14,60828.17,3552.0,48503.0,48534.0,5150.0,2560.0,2558.0,7280.0,1,2017-01-31,0,0
20000286,373.89,10473.14,10847.03,21727.0,144494.0,90472.0,5682.0,5641.0,54063.0,22618.0,1,2015-08-18,0,1
20000287,0.02,63874.71,63874.73,3717.0,58816.0,77646.0,5982.0,-6422.0,-6424.0,10094.0,0,2002-05-10,0,0
20000288,640.64,5689.52,6330.16,15167.0,61562.0,35868.0,451456.0,189859.0,287290.0,5380.0,1,2021-08-16,0,0
20000289,214.13,6316.48,6530.61,12274.0,63152.0,36367.0,7001.0,4321.0,29464.0,6546.0,1,2021-02-23,0,0
20000290,0.01,64947.49,64947.5,8434.0,47119.0,34060.0,16295.0,5257.0,24097.0,7833.0,1,2009-05-21,0,0
20000291,626.26,4869.81,5496.07,5062.0,28812.0,17172.0,183042.0,76043.0,118638.0,3778.0,0,2020-03-01,0,0
20000293,0.02,231233.57,231233.59,17113.0,126395.0,151881.0,259050.0,110221.0,123342.0,36451.0,1,2021-02-28,0,1
20000294,208.81,3824.44,4033.25,4983.0,88905.0,67792.0,12036.0,2866.0,30282.0,6779.0,1,2019-11-19,0,0
20000295,55.55,2161.45,2217.0,14198.0,75222.0,35781.0,10199.0,13763.0,35877.0,3935.0,1,2021-10-07,0,0
20000296,189.5,7316.56,7506.06,51287.0,249117.0,120525.0,25301.0,38637.0,115256.0,15668.0,1,2021-03-06,0,1
20000297,141.24,5718.2,5859.44,13427.0,101489.0,141409.0,30941.0,-4488.0,-4490.0,26867.0,1,2010-06-27,0,1
20000298,0.01,79614.36,79614.37,9958.0,60089.0,53551.0,16430.0,11485.0,11483.0,8568.0,1,2002-10-17,0,0
20000299,167.54,5252.01,5419.55,7131.0,36166.0,35864.0,10226.0,5265.0,5263.0,8966.0,1,2020-12-22,0,0
20000300,6496.5,97253.03,103749.53,32186.0,597324.0,560044.0,41716.0,39499.0,39497.0,112008.0,1,2019-05-14,0,3
20000301,59.02,6415.02,6474.04,62207.0,261117.0,139910.0,30790.0,49829.0,102167.0,34977.0,1,2018-09-09,0,0
20000303,312.88,3838.97,4151.85,8259.0,102588.0,110445.0,10514.0,1329.0,1327.0,12149.0,1,2019-11-11,0,1
20000304,0.01,37777.38,37777.39,12169.0,71698.0,32541.0,7807.0,13571.0,33392.0,3254.0,1,2020-03-19,0,0
20000305,389.94,2567.1,2957.04,8455.0,57167.0,45013.0,17471.0,7233.0,22391.0,8552.0,1,2019-12-17,0,0
20000306,140.97,2819.33,2960.3,16894.0,127509.0,96657.0,38587.0,9645.0,59795.0,17398.0,1,2020-06-11,0,0
20000307,146.37,5762.76,5909.13,35508.0,267062.0,203974.0,70001.0,5005.0,128084.0,30596.0,1,2020-06-19,0,1
20000308,222.19,6294.42,6516.61,7132.0,54388.0,68774.0,11617.0,-1383.0,-1384.0,15818.0,0,2021-07-29,0,0
20000309,87.05,2911.5,2998.55,7394.0,58005.0,70599.0,12427.0,-82.0,-84.0,12001.0,1,2021-11-05,0,0
20000310,0.03,184157.99,184158.02,17116.0,120528.0,74674.0,25978.0,19090.0,52742.0,13441.0,0,2021-07-22,0,0
20000311,0.01,28780.15,28780.16,6763.0,61150.0,56645.0,15264.0,9885.0,9884.0,14161.0,1,2021-02-25,0,0
20000312,64.57,2314.16,2378.73,9607.0,109274.0,153055.0,125441.0,6551.0,75109.0,35202.0,1,2021-10-14,0,0
20000313,1252.69,15737.35,16990.04,49259.0,327026.0,204285.0,80290.0,56397.0,146634.0,49028.0,1,2021-07-08,0,2
20000314,108.33,3103.89,3212.22,8367.0,46478.0,35140.0,16184.0,3710.0,23811.0,5271.0,1,2020-05-28,0,0
20000316,202.1,2561.44,2763.54,2487.0,34313.0,29591.0,2912.0,3818.0,3816.0,2959.0,1,2021-02-26,0,0
20000317,297.15,3780.51,4077.66,4636.0,95645.0,81934.0,14636.0,14174.0,14172.0,13928.0,1,2019-04-28,0,0
20000318,747.51,7581.19,8328.7,13690.0,52651.0,32045.0,363896.0,151235.0,233266.0,8011.0,1,2020-10-15,0,0
20000319,214.22,4103.76,4317.98,18383.0,139053.0,122187.0,35094.0,25980.0,25979.0,30546.0,1,2020-06-28,0,0
20000321,239.41,4703.47,4942.88,5796.0,118828.0,90428.0,12161.0,1263.0,39296.0,17181.0,1,2021-11-27,0,0
20000322,199.47,3036.02,3235.49,4202.0,44515.0,46049.0,4201.0,1334.0,1333.0,7828.0,1,2014-12-06,0,0
20000323,265.68,3397.44,3663.12,5022.0,34473.0,29701.0,10227.0,7500.0,7498.0,7128.0,1,2019-02-28,0,0
20000324,0.02,194259.39,194259.41,31357.0,559156.0,429557.0,71290.0,11755.0,189134.0,60138.0,1,2020-02-27,0,1
20000325,154.06,2746.24,2900.3,3866.0,53055.0,44213.0,4284.0,6564.0,6562.0,10611.0,1,2014-03-10,0,0
20000327,0.06,43931.25,43931.31,41268.0,336532.0,235086.0,79659.0,56247.0,124857.0,51718.0,1,2021-02-12,1,2
20000328,1128.64,24482.35,25610.99,71420.0,570119.0,371863.0,172958.0,103706.0,267508.0,48342.0,0,2015-12-30,0,2
20000329,127.4,4392.96,4520.36,15122.0,96954.0,51945.0,10082.0,10135.0,44955.0,6233.0,1,2019-10-18,0,0
20000330,0.02,84067.66,84067.68,16085.0,77927.0,36593.0,6942.0,12630.0,35645.0,5855.0,1,2012-10-31,0,0
20000331,433.28,6334.56,6767.84,26400.0,663421.0,553379.0,88007.0,99025.0,99023.0,127277.0,1,2017-03-25,0,1
20000332,131.69,3839.29,3970.98,4516.0,32545.0,25466.0,1549.0,4315.0,4313.0,4838.0,1,2015-11-12,0,0
20000334,709.47,26374.2,27083.67,106103.0,557701.0,532302.0,59498.0,42449.0,42447.0,85168.0,1,2020-09-06,1,2
20000335,241.48,7917.54,8159.02,45486.0,246420.0,102623.0,22656.0,53440.0,113012.0,12314.0,1,2017-02-19,0,1
20000336,158.15,2262.58,2420.73,5280.0,37411.0,23430.0,9571.0,6639.0,16913.0,3280.0,1,2020-05-27,0,0
20000337,352.81,5793.19,6146.0,3294.0,45490.0,44232.0,4041.0,2650.0,2648.0,10173.0,1,2020-02-08,0,0
20000338,138.79,5782.92,5921.71,8317.0,84021.0,121517.0,169329.0,50761.0,81072.0,23088.0,1,2021-10-08,0,0
20000340,93.22,3758.72,3851.94,8543.0,76172.0,63061.0,23279.0,18196.0,18194.0,10720.0,1,2013-10-31,0,0
20000341,315.7,3670.91,3986.61,10166.0,302154.0,254505.0,881836.0,396690.0,532796.0,40720.0,1,2019-09-04,0,0
20000342,149.47,5705.02,5854.49,17872.0,128890.0,117813.0,34055.0,22567.0,22565.0,21206.0,1,2019-08-16,0,1
20000343,225.12,2552.42,2777.54,0.0,328694.0,278554.0,477324.0,164755.0,362708.0,38997.0,1,2019-01-02,1,0
20000344,163.83,6252.97,6416.8,10993.0,88946.0,105208.0,171466.0,71872.0,83332.0,19989.0,1,2021-07-19,0,0
20000345,164.37,4709.6,4873.97,16373.0,85365.0,40607.0,10550.0,15024.0,40284.0,8933.0,1,2020-01-01,0,0
20000346,302.81,6105.02,6407.83,43528.0,770269.0,608968.0,77186.0,119244.0,119242.0,91345.0,1,2014-01-17,0,1
20000347,113.94,3723.43,3837.37,5964.0,35338.0,31068.0,1402.0,2837.0,2835.0,4970.0,1,2012-07-08,0,0
20000348,299.04,2949.11,3248.15,0.0,672584.0,584053.0,993879.0,332501.0,749908.0,81767.0,1,2019-05-08,0,0
20000349,412.25,5064.49,5476.74,4208.0,56648.0,55274.0,5739.0,3557.0,3555.0,7738.0,1,2013-06-08,0,0
20000350,715.79,6721.04,7436.83,50849.0,209506.0,140276.0,1229412.0,492847.0,805794.0,22444.0,1,2021-11-18,0,1
20000351,36.03,1200.96,1236.99,8031.0,57696.0,50173.0,14921.0,11223.0,11221.0,11038.0,1,2017-05-13,0,0
20000352,89.41,2811.78,2901.19,7509.0,39222.0,49103.0,13099.0,1610.0,1608.0,7856.0,0,2018-04-15,0,0
20000353,0.02,432163.32,432163.34,43655.0,236050.0,97939.0,22323.0,51916.0,108517.0,17629.0,1,2021-10-10,0,1
20000354,206.75,7629.12,7835.87,58672.0,322059.0,156090.0,29303.0,47700.0,147572.0,18730.0,1,2016-03-07,0,1
20000355,148.61,5020.52,5169.13,4948.0,32570.0,40465.0,10979.0,1543.0,1541.0,8093.0,1,2018-09-27,0,0
20000356,146.63,4611.16,4757.79,11962.0,80674.0,90799.0,231436.0,121435.0,99875.0,10895.0,1,2018-12-15,1,0
20000357,0.01,514819.91,514819.92,52959.0,322544.0,292993.0,102975.0,66264.0,66262.0,41019.0,1,2021-09-27,0,1
20000358,0.01,16618.04,16618.05,15018.0,82641.0,43287.0,7736.0,9131.0,37958.0,9956.0,1,2020-06-18,0,0
20000359,99.64,3447.59,3547.23,9020.0,79762.0,65595.0,21582.0,17875.0,17874.0,12463.0,1,2019-07-15,0,0
20000360,0.01,38199.2,38199.21,10998.0,107346.0,140436.0,122616.0,15938.0,73588.0,26682.0,1,2021-11-04,0,0
20000361,1381.24,23020.73,24401.97,18369.0,247677.0,231369.0,24806.0,20558.0,20556.0,30078.0,1,2006-01-06,1,2
20000362,218.24,2645.32,2863.56,5154.0,71798.0,70068.0,5838.0,3785.0,3783.0,13312.0,1,2020-12-16,0,0
20000363,93.84,9575.15,9668.99,31075.0,538375.0,466932.0,289639.0,129238.0,231844.0,51362.0,1,2021-11-22,0,1
20000364,243.8,4771.01,5014.81,5940.0,100554.0,76026.0,13813.0,4030.0,34310.0,12164.0,0,2021-12-07,0,0
20000365,676.22,8862.61,9538.83,15343.0,355429.0,228339.0,57822.0,65069.0,119843.0,38817.0,1,2007-03-04,0,1
20000366,381.15,5705.79,6086.94,5217.0,122495.0,97910.0,19137.0,2649.0,41073.0,19582.0,1,2020-01-25,0,0
20000367,167.19,5050.94,5218.13,23216.0,148428.0,198135.0,45809.0,-1947.0,-1949.0,35664.0,1,2021-08-04,0,1
20000368,0.01,107963.47,107963.48,8580.0,55147.0,43471.0,19380.0,2735.0,28320.0,5651.0,1,2019-08-30,0,0
20000369,0.01,37557.0,37557.01,8560.0,58691.0,51483.0,14731.0,10970.0,10969.0,8237.0,1,2021-05-30,0,0
20000370,220.79,6670.51,6891.3,7564.0,52436.0,68472.0,13342.0,-1346.0,-1347.0,13694.0,1,2020-07-03,0,0
20000371,127.43,3921.05,4048.48,7427.0,49860.0,60276.0,13991.0,1788.0,1786.0,9644.0,1,2021-08-16,0,0
20000372,133.87,1849.08,1982.95,3850.0,53658.0,65484.0,4504.0,-3659.0,-3661.0,9167.0,1,2019-01-19,0,0
20000373,63.79,2472.51,2536.3,6653.0,41881.0,38155.0,12988.0,8358.0,8356.0,7249.0,1,2020-08-31,0,0
20000374,159.82,1627.51,1787.33,0.0,561475.0,491057.0,714605.0,210786.0,574236.0,63837.0,1,2021-04-19,0,0
20000375,138.25,5760.58,5898.83,15898.0,86370.0,54877.0,7530.0,19512.0,19510.0,13170.0,1,2021-11-30,0,0
20000376,0.02,43079.42,43079.44,5038.0,36670.0,45030.0,13153.0,2397.0,2396.0,4953.0,1,2012-01-14,0,0
20000377,110.96,3263.63,3374.59,6941.0,40786.0,33219.0,12680.0,10124.0,10122.0,8304.0,1,2019-10-22,0,0
20000378,139.24,2109.77,2249.01,2573.0,30610.0,30460.0,2199.0,1175.0,1174.0,3350.0,0,2019-11-26,0,0
20000379,138.6,3982.85,4121.45,9129.0,63832.0,101820.0,155733.0,47484.0,70261.0,14254.0,1,2019-10-14,0,0
20000380,579.57,4886.77,5466.34,5771.0,10929.0,7073.0,147932.0,62826.0,88963.0,1414.0,1,2018-12-01,0,0
20000381,232.22,3782.16,4014.38,3215.0,45681.0,35341.0,6301.0,1046.0,15594.0,4594.0,1,2021-11-07,0,0
20000382,0.0,45437.29,45437.29,135917.0,560812.0,297066.0,62617.0,108163.0,218200.0,59413.0,1,2019-07-23,0,1
20000383,0.04,57480.64,57480.68,4514.0,100020.0,72360.0,11182.0,6593.0,32248.0,12301.0,1,2021-08-28,0,0
20000384,0.01,158480.77,158480.78,8262.0,44185.0,29549.0,4833.0,9735.0,9733.0,4432.0,1,2017-02-08,0,0
20000385,0.01,29414.74,29414.75,54055.0,275761.0,133023.0,32641.0,67438.0,107940.0,23944.0,1,2003-03-15,0,0
20000386,499.26,8118.07,8617.33,6156.0,98673.0,66683.0,10735.0,9902.0,32822.0,16004.0,1,2017-08-02,0,0
20000387,334.65,10079.8,10414.45,36898.0,189271.0,86855.0,23824.0,36740.0,89500.0,9554.0,1,2017-08-24,0,1
20000388,69.72,2582.29,2652.01,15393.0,63717.0,30559.0,5797.0,9759.0,29196.0,6111.0,1,2021-06-05,0,0
20000389,323.2,3012.11,3335.31,0.0,1478355.0,1317367.0,2563076.0,905419.0,1818644.0,302994.0,1,2021-09-11,0,1
20000390,169.96,6202.85,6372.81,16579.0,92874.0,45469.0,9387.0,13842.0,42950.0,5001.0,1,2020-06-06,0,0
20000392,249.58,7799.39,8048.97,61783.0,328100.0,162661.0,41965.0,51976.0,155427.0,17892.0,1,2021-05-17,0,1
20000393,0.05,65094.01,65094.06,9380.0,52773.0,34184.0,197101.0,75760.0,139930.0,8204.0,1,2020-12-09,0,0
20000394,129.84,4007.36,4137.2,5412.0,39004.0,48494.0,13057.0,1784.0,1782.0,5334.0,1,2020-12-14,0,0
20000395,159.89,6552.79,6712.68,14800.0,81074.0,31816.0,10535.0,21316.0,38475.0,7635.0,1,2021-07-16,0,0
20000396,310.56,4507.35,4817.91,5425.0,112393.0,73631.0,14909.0,16753.0,36917.0,11044.0,1,2020-10-11,0,0
20000397,43.9,3954.77,3998.67,41817.0,196951.0,119173.0,17653.0,20319.0,75111.0,17876.0,1,2021-04-16,0,0
20000398,158.72,2180.18,2338.9,5132.0,66332.0,68093.0,5146.0,1693.0,1691.0,11575.0,0,2021-07-23,0,0
20000399,93.95,3713.47,3807.42,6363.0,37603.0,16630.0,4206.0,7619.0,17560.0,1995.0,1,2021-08-31,0,0
20000400,186.76,2156.55,2343.31,10629.0,305482.0,213971.0,898152.0,448027.0,541635.0,29956.0,0,2004-04-15,0,0
20000401,524.32,5399.78,5924.1,15733.0,94230.0,51986.0,342020.0,139963.0,244300.0,12996.0,1,2021-08-22,0,0
20000402,57.31,2283.2,2340.51,8444.0,58136.0,47268.0,20244.0,1328.0,29784.0,11817.0,1,2017-09-18,0,0
20000403,81.78,2405.17,2486.95,5668.0,37512.0,34094.0,9441.0,6431.0,6429.0,4091.0,1,2021-07-03,0,0
20000404,0.02,516193.79,516193.81,22286.0,151566.0,195467.0,36902.0,-3498.0,-3500.0,33229.0,1,2021-11-15,0,1
20000405,272.59,8491.87,8764.46,25153.0,195439.0,254224.0,320559.0,96655.0,165119.0,50844.0,1,2020-11-10,0,1
20000406,0.02,7200.51,7200.53,6518.0,24811.0,30191.0,5873.0,247.0,245.0,4830.0,1,2020-02-17,0,0
20000407,0.02,269577.98,269578.0,52598.0,370916.0,278971.0,112803.0,20934.0,183813.0,64163.0,1,2014-04-29,0,1
20000408,202.7,3482.76,3685.46,5545.0,103109.0,73113.0,14800.0,10602.0,34193.0,17547.0,1,2021-05-06,0,0
20000409,0.01,20043.16,20043.17,8403.0,55132.0,44119.0,19419.0,2102.0,28329.0,4853.0,1,2021-11-06,0,0
20000410,74.74,7327.58,7402.32,36120.0,178075.0,94457.0,21198.0,35071.0,69746.0,20780.0,1,2018-01-03,0,0
20000411,201.14,3951.74,4152.88,3909.0,74548.0,43513.0,7232.0,13733.0,24534.0,7397.0,1,2019-03-03,0,0
20000412,112.06,3918.19,4030.25,9676.0,46920.0,39314.0,14693.0,11150.0,11149.0,9435.0,1,2021-02-03,0,0
20000413,0.01,24233.92,24233.93,3835.0,16565.0,9045.0,1906.0,1668.0,7758.0,2170.0,1,2009-03-16,0,0
20000414,135.4,4543.65,4679.05,6425.0,45837.0,37937.0,1699.0,4800.0,4798.0,7587.0,1,2020-10-26,0,0
20000415,0.02,4839787.05,4839787.07,118529.0,806053.0,654800.0,256724.0,4121.0,403855.0,137508.0,1,2020-08-27,1,2
20000416,0.03,7085.97,7086.0,6407.0,103203.0,87770.0,13100.0,14267.0,14265.0,21064.0,1,2020-10-10,0,0
20000417,0.0,247092.66,247092.66,55272.0,195591.0,114285.0,17782.0,24407.0,74680.0,22857.0,1,2015-11-27,0,0
20000418,89.8,9868.39,9958.19,60084.0,259929.0,137529.0,20765.0,44921.0,98243.0,22004.0,1,2020-06-30,1,0
20000419,0.04,28296.94,28296.98,5760.0,149246.0,111583.0,18156.0,5598.0,50221.0,25664.0,1,2020-07-21,0,0
20000420,270.76,3765.85,4036.61,7105.0,110668.0,95276.0,12581.0,13987.0,13985.0,15244.0,1,2018-07-30,0,0
20000421,0.01,358721.76,358721.77,82020.0,588614.0,280757.0,63662.0,97563.0,273956.0,53343.0,1,2018-11-09,1,2
20000422,519.13,3971.94,4491.07,13584.0,43018.0,24750.0,293065.0,123126.0,188207.0,2970.0,1,2021-09-29,0,0
20000423,0.03,147225.07,147225.1,14109.0,110180.0,75842.0,25342.0,10891.0,48788.0,10618.0,1,2021-05-17,1,0
20000424,130.77,4191.47,4322.24,8911.0,90317.0,75490.0,129433.0,73940.0,70320.0,8303.0,1,2021-12-01,0,0
20000425,103.59,3584.38,3687.97,9080.0,67896.0,48449.0,16438.0,3837.0,32047.0,5813.0,1,2021-03-22,0,0
20000426,122.8,3611.83,3734.63,15420.0,76552.0,38424.0,9674.0,11587.0,36215.0,6147.0,1,2021-08-10,0,0
20000428,172.27,5037.07,5209.34,53221.0,301363.0,151603.0,31340.0,41365.0,139735.0,24256.0,1,2021-04-05,0,1
20000429,248.02,9688.09,9936.11,6260.0,44920.0,37449.0,2197.0,4835.0,4833.0,3744.0,1,2013-12-15,0,0
20000430,73.68,7518.85,7592.53,57629.0,236777.0,126300.0,26542.0,44857.0,92162.0,29049.0,0,2018-09-20,0,0
20000431,261.94,2831.79,3093.73,10511.0,38526.0,28567.0,217636.0,84144.0,143451.0,4285.0,1,2021-05-21,0,0
20000432,156.39,4696.42,4852.81,14273.0,76344.0,33914.0,9281.0,15748.0,35962.0,4069.0,0,2019-01-09,1,0
20000433,121.27,4812.47,4933.74,12084.0,105144.0,120851.0,196128.0,84014.0,96407.0,30212.0,0,2020-07-28,0,0
20000434,0.02,74779.97,74779.99,8744.0,62182.0,57574.0,16255.0,10432.0,10430.0,12090.0,1,2021-12-06,0,0
20000435,121.58,4079.76,4201.34,8335.0,49179.0,66675.0,14809.0,-1341.0,-1343.0,8667.0,1,2021-08-26,0,0
20000436,0.01,31338.65,31338.66,7441.0,37751.0,16183.0,4334.0,8226.0,17676.0,3398.0,1,2020-04-01,0,0
20000437,261.59,2623.77,2885.36,0.0,643791.0,540214.0,1208313.0,478443.0,833447.0,129651.0,1,2015-02-16,0,0
20000438,878.91,24482.24,25361.15,50381.0,220677.0,85473.0,28506.0,59052.0,104657.0,16240.0,1,2013-02-10,0,2
20000439,0.02,86565.15,86565.17,8192.0,58554.0,62095.0,18159.0,43.0,14575.0,6830.0,1,2019-10-16,0,0
20000440,242.36,9009.59,9251.95,16537.0,112637.0,76484.0,5322.0,20738.0,20736.0,9943.0,1,2018-05-03,0,1
20000441,0.01,170980.87,170980.88,9753.0,64729.0,76414.0,158877.0,75638.0,71554.0,14518.0,1,2015-11-03,1,0
20000442,0.02,206699.72,206699.74,16574.0,85130.0,41044.0,10285.0,14296.0,40074.0,8208.0,1,2019-03-09,0,0
20000444,157.29,6499.68,6656.97,5619.0,36692.0,27865.0,1490.0,5159.0,5157.0,3622.0,0,2018-08-15,0,0
20000445,0.03,65744.86,65744.89,11512.0,82620.0,54185.0,19334.0,11065.0,36703.0,9753.0,1,2021-05-29,0,0
20000446,220.82,7693.91,7914.73,5580.0,41671.0,29592.0,1899.0,6990.0,6988.0,5918.0,1,2021-09-07,0,0
20000447,66.56,2705.86,2772.42,8303.0,58009.0,47766.0,14321.0,12282.0,12280.0,11464.0,1,2018-08-22,0,0
20000448,123.42,3728.77,3852.19,10046.0,51934.0,25111.0,5527.0,8216.0,24134.0,4771.0,1,2020-02-09,1,0
20000449,285.93,2427.26,2713.19,11665.0,234976.0,203897.0,1073356.0,515685.0,588750.0,42818.0,1,2021-07-11,0,0
20000450,164.45,5339.26,5503.71,9103.0,48286.0,25531.0,5689.0,5774.0,22669.0,2808.0,1,2021-06-07,0,0
20000451,177.05,3943.12,4120.17,13600.0,92986.0,87403.0,27932.0,16758.0,16756.0,8740.0,1,2019-07-29,0,0
20000452,0.02,10642.96,10642.98,7019.0,108723.0,96219.0,7732.0,10119.0,10117.0,24054.0,1,2019-09-17,0,1
20000453,160.77,3202.54,3363.31,17409.0,115210.0,88042.0,29956.0,4864.0,52260.0,8804.0,1,2021-08-02,1,0
20000454,236.56,7486.22,7722.78,24785.0,160132.0,172940.0,40746.0,13969.0,13967.0,19023.0,1,2020-03-27,0,1
20000455,152.07,2022.26,2174.33,6720.0,41253.0,31038.0,10842.0,2302.0,18754.0,3724.0,0,2010-11-20,0,0
20000456,0.01,77182.71,77182.72,8778.0,56880.0,52302.0,19579.0,12079.0,12077.0,12552.0,1,2018-10-29,0,0
20000457,757.87,6212.08,6969.95,11778.0,64625.0,42961.0,248484.0,94807.0,175341.0,9881.0,1,2021-05-09,0,0
20000459,2740.26,82787.21,85527.47,187894.0,1680807.0,1168898.0,412665.0,129054.0,795519.0,233779.0,1,2018-11-12,0,3
20000460,97.14,10014.45,10111.59,52187.0,207198.0,109778.0,18439.0,36886.0,78973.0,27444.0,1,2020-05-06,0,0
20000461,141.83,3493.39,3635.22,18878.0,122178.0,88609.0,42740.0,16938.0,59370.0,14177.0,1,2020-04-01,0,0
20000462,0.02,174146.16,174146.18,14340.0,89081.0,54838.0,19374.0,14572.0,39044.0,9871.0,1,2021-08-27,0,0
20000463,259.87,4035.2,4295.07,4521.0,109344.0,77132.0,16315.0,12085.0,36441.0,10798.0,0,2016-07-21,0,0
20000464,4206.51,118160.46,122366.97,106843.0,749178.0,903503.0,209144.0,27410.0,27408.0,225875.0,1,2017-09-05,0,3
20000465,0.02,99900.34,99900.36,5922.0,35936.0,28132.0,1660.0,4733.0,4731.0,5907.0,1,2019-02-04,0,0
20000466,0.02,34150.12,34150.14,5055.0,79341.0,70442.0,10741.0,9820.0,9819.0,17610.0,1,2018-10-30,0,0
20000467,0.01,112961.73,112961.74,15896.0,91856.0,43950.0,9307.0,14724.0,42488.0,10108.0,0,2021-08-20,0,0
20000468,198.69,4063.13,4261.82,7859.0,50569.0,31616.0,17975.0,12251.0,24675.0,7904.0,1,2015-11-26,0,0
20000469,158.5,2785.6,2944.1,2987.0,61769.0,47016.0,7823.0,1699.0,20877.0,10813.0,1,2020-09-26,0,0
20000470,216.98,6381.64,6598.62,48151.0,320232.0,216853.0,106698.0,47844.0,162233.0,30359.0,0,2019-05-17,0,1
20000471,111.23,3310.55,3421.78,16478.0,96685.0,46252.0,10647.0,16000.0,45079.0,11100.0,0,2021-11-17,0,0
20000472,145.18,5807.19,5952.37,6843.0,46810.0,35522.0,1740.0,6514.0,6513.0,6749.0,1,2020-09-18,0,0
20000473,0.0,64229.77,64229.77,42238.0,668272.0,758246.0,248676.0,79352.0,79350.0,166814.0,1,2019-10-08,0,1
20000474,90.78,7628.56,7719.34,37294.0,582076.0,692417.0,308221.0,98941.0,98939.0,90014.0,1,2020-09-19,0,1
20000475,72.24,2736.27,2808.51,12846.0,77139.0,37008.0,9088.0,13003.0,36215.0,9252.0,0,2019-07-10,0,0
20000476,0.04,55824.54,55824.58,4467.0,63436.0,59150.0,5492.0,4889.0,4888.0,9464.0,0,2018-10-10,0,0
20000477,0.06,8702.5,8702.56,3237.0,24020.0,13512.0,6949.0,8166.0,9291.0,2837.0,0,2015-04-19,0,0
20000478,139.96,4293.27,4433.23,4810.0,29822.0,22124.0,1304.0,4502.0,4500.0,4424.0,1,2019-10-11,1,0
20000480,198.47,6106.79,6305.26,15776.0,107610.0,52942.0,10461.0,15539.0,49590.0,6882.0,1,2019-10-01,0,0
20000481,335.23,5056.2,5391.43,3419.0,56206.0,39385.0,8498.0,5907.0,19411.0,6695.0,1,2019-09-22,0,0
20000482,328.03,4020.03,4348.06,4085.0,57517.0,51953.0,4569.0,5067.0,5065.0,7793.0,1,2021-10-05,0,0
20000483,288.41,3664.66,3953.07,4671.0,67023.0,65943.0,6570.0,3825.0,3823.0,7253.0,1,2021-10-14,0,0
20000484,203.43,2869.25,3072.68,7002.0,130594.0,103591.0,17200.0,22102.0,22101.0,17610.0,1,2019-03-03,0,0
20000485,227.68,6676.92,6904.6,6676.0,41808.0,52177.0,10958.0,295.0,293.0,6783.0,0,2021-08-15,0,0
20000486,55.58,2089.47,2145.05,8398.0,62949.0,47920.0,19665.0,3300.0,31393.0,10542.0,1,2021-11-25,0,0
20000487,367.74,3644.56,4012.3,13810.0,132772.0,86230.0,247883.0,81258.0,213167.0,12072.0,0,2008-09-07,0,0
20000488,0.01,5573.79,5573.8,8774.0,72393.0,59197.0,19383.0,16290.0,16288.0,10655.0,1,2020-09-12,0,0
20000489,398.61,4896.95,5295.56,14651.0,106576.0,70045.0,27860.0,15994.0,48397.0,12608.0,1,2021-05-27,0,1
20000490,206.48,6769.92,6976.4,35112.0,354979.0,391167.0,419881.0,135737.0,247955.0,43028.0,1,2021-06-05,0,1
20000491,128.0,1405.1,1533.1,0.0,480754.0,407786.0,948361.0,378226.0,643101.0,69323.0,1,2018-03-16,0,0
20000492,0.01,10970.22,10970.23,6934.0,55612.0,40485.0,15087.0,3348.0,26866.0,9311.0,1,2021-10-29,0,0
20000493,124.03,3669.67,3793.7,7472.0,51612.0,43112.0,14782.0,11641.0,11640.0,10778.0,1,2020-06-23,0,0
20000494,816.43,32788.27,33604.7,137252.0,879741.0,421299.0,108510.0,151886.0,415065.0,96898.0,1,2020-05-01,1,2
20000495,176.23,2587.78,2764.01,7305.0,48598.0,31141.0,17039.0,10867.0,23629.0,4048.0,1,2021-07-22,0,0
20000496,0.01,139475.12,139475.13,14751.0,105504.0,41677.0,10562.0,25641.0,48747.0,8752.0,1,2021-05-14,0,0
20000497,257.35,7228.94,7486.29,31898.0,355898.0,402026.0,571597.0,228670.0,296798.0,72364.0,1,2019-06-06,0,1
20000498,114.18,2334.96,2449.14,6776.0,120615.0,99764.0,12408.0,16630.0,16629.0,16959.0,1,2015-07-19,0,0
20000499,266.72,5109.64,5376.36,3626.0,57818.0,43087.0,6620.0,2019.0,19331.0,9479.0,1,2021-01-15,0,0
20000500,195.85,7362.68,7558.53,62530.0,323378.0,177750.0,40131.0,33084.0,152674.0,28440.0,1,2021-09-17,0,1
20000501,0.02,14869.42,14869.44,4684.0,61454.0,50596.0,6178.0,8519.0,8517.0,9613.0,0,2017-08-18,0,0
20000502,395.48,5929.25,6324.73,4564.0,23518.0,14933.0,7047.0,4629.0,11003.0,3733.0,1,2017-11-25,0,0
20000503,473.0,7779.54,8252.54,30975.0,562574.0,441333.0,57875.0,89559.0,89557.0,79439.0,0,2021-04-25,0,1
20000504,0.04,280625.06,280625.1,12836.0,313417.0,258287.0,1137591.0,539767.0,652954.0,43908.0,1,2021-04-22,0,0
20000505,481.2,17562.09,18043.29,109170.0,787658.0,692283.0,173885.0,134631.0,134629.0,76151.0,1,2017-12-17,1,2
20000506,367.57,5140.8,5508.37,7267.0,116892.0,91241.0,17469.0,2812.0,40308.0,16423.0,1,2021-05-06,0,0
20000507,99.27,10233.51,10332.78,30945.0,139662.0,71776.0,13087.0,27510.0,53462.0,16508.0,1,2020-05-01,0,0
20000508,0.02,358841.71,358841.73,52667.0,372133.0,226503.0,86339.0,66919.0,165050.0,52095.0,1,2021-09-21,0,1
20000509,0.03,779551.1,779551.13,58912.0,429728.0,254625.0,109941.0,90762.0,194281.0,53471.0,1,2021-11-30,0,1
20000510,783.02,30349.49,31132.51,63407.0,588357.0,618120.0,1034071.0,485131.0,519177.0,142167.0,1,2021-10-17,1,2
20000511,0.01,57087.14,57087.15,31635.0,182089.0,190256.0,43592.0,17713.0,17711.0,38051.0,1,2020-05-05,0,2
20000512,125.67,2177.96,2303.63,4696.0,114189.0,57391.0,12868.0,32819.0,36846.0,8034.0,1,2021-06-01,1,0
20000513,303.3,2360.31,2663.61,13550.0,26275.0,15708.0,346954.0,148512.0,209008.0,2513.0,1,2020-06-10,0,0
20000514,293.23,10146.36,10439.59,19963.0,141936.0,113060.0,4971.0,16924.0,16922.0,12436.0,1,2020-12-18,0,1
20000515,428.75,6730.76,7159.51,2357.0,41804.0,47057.0,6126.0,437.0,435.0,9411.0,1,2020-10-23,1,0
20000516,58.3,5397.82,5456.12,9082.0,168387.0,147087.0,56009.0,14477.0,62831.0,19121.0,1,2017-04-29,0,0
20000517,111.17,10390.09,10501.26,72240.0,318452.0,157280.0,33934.0,71770.0,123335.0,31456.0,1,2021-09-28,0,1
20000518,528.48,8296.41,8824.89,20100.0,423196.0,248476.0,58891.0,93805.0,139805.0,24847.0,1,2020-08-04,0,1
20000519,125.58,4421.71,4547.29,14437.0,80723.0,39734.0,8710.0,12137.0,37562.0,4768.0,1,2019-08-18,0,0
20000520,0.05,215206.61,215206.66,80560.0,421545.0,312402.0,1738010.0,637802.0,1209351.0,43736.0,1,2018-01-02,0,1
20000521,109.08,4544.87,4653.95,5000.0,35258.0,28604.0,1588.0,4122.0,4120.0,2860.0,1,2018-04-15,0,0
20000522,289.07,10360.86,10649.93,14737.0,111459.0,87305.0,5560.0,14858.0,14856.0,21826.0,1,2020-11-19,0,1
20000523,599.48,24772.04,25371.52,42877.0,294755.0,248951.0,11821.0,28813.0,28812.0,49790.0,1,2021-04-09,1,2
20000524,0.04,72350.53,72350.57,34049.0,443385.0,455451.0,45182.0,16558.0,16557.0,91090.0,1,2020-07-29,1,3
20000525,0.01,15487.56,15487.57,11558.0,83415.0,116872.0,27728.0,-2863.0,-2865.0,14024.0,1,2021-02-21,0,1
20000526,219.39,3279.41,3498.8,6785.0,46686.0,41492.0,13371.0,9283.0,9281.0,8713.0,1,2021-02-15,0,0
20000527,139.73,4339.48,4479.21,3309.0,21491.0,16972.0,1066.0,2793.0,2791.0,3224.0,1,2021-06-30,0,0
20000528,0.01,10823.66,10823.67,7318.0,84856.0,73288.0,89515.0,45284.0,55799.0,17589.0,1,2015-10-01,0,0
20000529,574.85,7018.88,7593.73,8953.0,123187.0,113057.0,10991.0,10562.0,10560.0,28264.0,1,2021-10-08,0,1
20000530,465.75,4356.86,4822.61,14030.0,44746.0,28964.0,186382.0,72732.0,129432.0,2896.0,1,2021-01-05,0,0
20000531,0.01,1018935.27,1018935.28,66518.0,493902.0,429122.0,125333.0,95057.0,95056.0,77242.0,1,2012-09-20,1,2
20000532,63.45,2080.25,2143.7,9841.0,67457.0,40754.0,21023.0,14103.0,33622.0,6520.0,1,2021-07-09,0,0
20000533,0.01,24494.21,24494.22,9031.0,67045.0,55516.0,19397.0,15464.0,15462.0,5551.0,1,2021-08-02,0,0
20000534,118.57,4145.67,4264.24,14454.0,77607.0,33587.0,7209.0,15606.0,35623.0,7053.0,1,2016-01-20,0,0
20000535,187.11,5958.84,6145.95,5934.0,43678.0,37763.0,2063.0,3990.0,3989.0,4531.0,1,2016-03-23,0,0
20000536,312.33,10696.25,11008.58,30003.0,146043.0,77646.0,14338.0,15374.0,67360.0,14752.0,1,2016-02-11,0,1
20000537,106.26,9240.17,9346.43,6350.0,101647.0,81051.0,46483.0,25603.0,41476.0,13778.0,1,2017-10-14,0,0
20000538,180.54,5389.18,5569.72,7109.0,47365.0,55136.0,16266.0,4248.0,4246.0,5513.0,1,2020-09-29,0,0
20000539,154.84,5093.44,5248.28,8254.0,49950.0,39633.0,15340.0,847.0,24810.0,7926.0,0,2021-05-08,0,0
20000540,83.51,3450.82,3534.33,3860.0,27449.0,25212.0,7252.0,4746.0,4744.0,4790.0,1,2021-06-27,0,0
20000541,412.22,2409.23,2821.45,7269.0,45174.0,28282.0,14284.0,13339.0,17837.0,2828.0,1,2019-04-15,0,0
20000542,333.62,5560.34,5893.96,46462.0,296655.0,270716.0,97456.0,61698.0,61696.0,43314.0,1,2021-05-24,0,1
20000543,222.51,3973.33,4195.84,4436.0,67975.0,46503.0,9279.0,7575.0,23176.0,5580.0,1,2018-07-26,0,0
20000545,200.19,5703.44,5903.63,7009.0,48958.0,58997.0,11886.0,925.0,923.0,11209.0,1,2020-07-20,0,0
20000546,0.02,5566.4,5566.42,23340.0,541647.0,406353.0,52694.0,9685.0,178302.0,65016.0,1,2020-09-06,0,1
20000547,95.78,1780.21,1875.99,14503.0,90692.0,57820.0,19429.0,12657.0,39644.0,6360.0,1,2001-08-18,1,0
20000548,77.2,2617.0,2694.2,4816.0,26414.0,22070.0,8698.0,6521.0,6519.0,3752.0,1,2021-09-10,0,0
20000549,0.02,2632.63,2632.65,18776.0,164083.0,223681.0,36979.0,-11308.0,-11310.0,33552.0,1,2019-02-23,0,1
20000550,1343.38,24292.63,25636.01,104935.0,811965.0,533011.0,202686.0,116366.0,365274.0,58631.0,1,2021-04-26,0,2
20000551,160.2,4854.45,5014.65,4510.0,35669.0,26774.0,1501.0,5199.0,5197.0,4283.0,1,2001-09-26,0,0
20000552,94.42,2941.37,3035.79,3265.0,25038.0,16264.0,6953.0,3570.0,12156.0,4066.0,1,2018-08-19,0,0
20000553,0.05,4119.28,4119.33,14159.0,61688.0,51947.0,331732.0,121157.0,220315.0,11428.0,1,2016-11-02,0,0
20000554,178.59,6200.93,6379.52,14974.0,82945.0,37768.0,8444.0,15237.0,38383.0,8686.0,1,2021-10-01,0,0
20000555,148.58,2588.56,2737.14,5550.0,98905.0,85819.0,13727.0,13408.0,13406.0,18880.0,1,2021-09-24,0,0
20000556,0.01,57006.67,57006.68,14429.0,120959.0,58654.0,16463.0,21050.0,57717.0,13490.0,1,2018-09-12,0,0
20000557,0.0,301542.58,301542.58,36877.0,158800.0,75224.0,17307.0,39246.0,61637.0,10531.0,1,2021-01-17,0,0
20000558,0.02,217212.64,217212.66,6978.0,48122.0,47863.0,13192.0,6727.0,6725.0,8136.0,1,2021-04-25,0,0
20000559,190.22,4403.27,4593.49,13696.0,101337.0,72445.0,22771.0,6984.0,44679.0,12315.0,1,2021-03-11,0,0
20000560,275.9,4317.74,4593.64,3434.0,77292.0,52380.0,9241.0,9059.0,25094.0,9428.0,1,2020-08-04,0,0
20000561,28.51,3476.28,3504.79,35101.0,167911.0,87631.0,20102.0,34577.0,65805.0,14897.0,1,2015-09-08,1,0
20000562,143.34,4191.09,4334.43,16488.0,94342.0,53064.0,9696.0,7277.0,43696.0,10612.0,1,2019-11-06,0,0
20000563,124.09,4369.54,4493.63,8876.0,57721.0,49750.0,20470.0,14222.0,14220.0,10945.0,1,2020-01-12,0,0
20000564,0.03,92528.56,92528.59,2817.0,39257.0,38442.0,3502.0,2159.0,2158.0,8841.0,1,2021-04-01,0,0
20000565,536.04,3096.69,3632.73,5730.0,50843.0,37073.0,14340.0,8554.0,19555.0,3707.0,1,2016-05-02,0,0
20000566,0.01,116871.8,116871.81,9449.0,66061.0,55771.0,16536.0,13414.0,13412.0,13942.0,1,2017-07-12,0,0
20000567,0.02,34600.79,34600.81,8260.0,61924.0,56079.0,19770.0,12808.0,12806.0,5607.0,1,2018-04-14,0,0
20000568,0.02,22208.76,22208.78,5982.0,130833.0,100496.0,18909.0,4324.0,44923.0,23114.0,1,2020-11-28,0,0
20000569,131.43,4455.3,4586.73,4462.0,32091.0,41467.0,7617.0,-878.0,-880.0,9537.0,0,2014-11-10,0,0
20000570,713.08,22782.0,23495.08,35084.0,239807.0,292546.0,51376.0,-680.0,-682.0,35105.0,1,2021-04-20,1,2
20000571,0.02,98340.68,98340.7,7094.0,126231.0,95685.0,16590.0,4289.0,42846.0,20094.0,1,2015-10-31,0,0
20000572,0.06,95246.11,95246.17,0.0,386657.0,454514.0,743919.0,167302.0,508759.0,86357.0,1,2020-12-18,0,0
20000573,236.27,8319.43,8555.7,17589.0,104920.0,50546.0,9796.0,15989.0,48181.0,5560.0,1,2020-11-20,0,0
20000574,0.03,78851.16,78851.19,14235.0,207926.0,191085.0,17531.0,17187.0,17185.0,24841.0,1,2020-06-18,1,2
20000575,110.0,3283.71,3393.71,5770.0,42093.0,33419.0,13828.0,1252.0,21250.0,3676.0,0,2019-01-19,0,0
20000576,196.27,2641.57,2837.84,3950.0,55811.0,42172.0,4821.0,1483.0,16977.0,4217.0,1,2020-12-25,0,0
20000577,425.0,3724.78,4149.78,0.0,156831.0,134338.0,313287.0,124227.0,211553.0,20150.0,1,2018-01-25,0,0
20000578,147.17,2170.66,2317.83,5757.0,110907.0,86482.0,13369.0,511.0,37283.0,10377.0,1,2016-11-24,0,0
20000579,351.72,4837.93,5189.65,6530.0,84993.0,76491.0,5967.0,7235.0,7233.0,11473.0,1,2020-01-12,0,1
20000580,0.02,105325.35,105325.37,6448.0,49824.0,105952.0,13694.0,-21215.0,-21217.0,24368.0,1,2021-07-13,0,0
20000581,644.74,5133.32,5778.06,10008.0,56869.0,35816.0,222998.0,87325.0,156726.0,6446.0,1,2021-08-16,0,0
20000582,286.75,4331.51,4618.26,4504.0,86790.0,64424.0,8697.0,2416.0,28646.0,11596.0,1,2019-02-07,0,0
20000583,117.48,3415.23,3532.71,6783.0,47151.0,38741.0,13129.0,10770.0,10768.0,7360.0,1,2020-11-14,0,0
20000585,117.51,3615.78,3733.29,7145.0,51043.0,34901.0,14212.0,5557.0,24797.0,8376.0,1,2020-07-28,0,0
20000586,133.46,3791.5,3924.96,12435.0,107704.0,123993.0,223245.0,101052.0,105904.0,30998.0,1,2016-12-02,1,0
20000587,0.01,16989.83,16989.84,8932.0,63648.0,45439.0,13718.0,2528.0,29399.0,5452.0,1,2021-06-07,0,0
20000588,1149.88,38457.39,39607.27,45311.0,338001.0,398266.0,91938.0,15837.0,15835.0,83636.0,1,2020-02-02,0,2
20000589,0.01,575359.77,575359.78,38632.0,258737.0,211735.0,59685.0,53344.0,53342.0,50816.0,1,2019-04-18,0,2
20000591,0.02,25865.95,25865.97,5678.0,38200.0,45594.0,10968.0,1788.0,1786.0,8662.0,1,2020-11-08,0,0
20000592,0.01,122516.35,122516.36,6913.0,48916.0,41952.0,1902.0,4434.0,4432.0,5034.0,1,2021-04-04,0,0
20000593,54.62,5407.65,5462.27,38786.0,172453.0,95267.0,18035.0,28550.0,66671.0,19053.0,1,2020-12-29,0,0
20000594,72.51,6474.45,6546.96,9195.0,156341.0,149406.0,79325.0,20273.0,65986.0,28387.0,1,2021-10-14,0,0
20000595,821.54,4835.41,5656.95,5864.0,43804.0,34372.0,15712.0,7289.0,17855.0,6530.0,1,2014-12-07,0,0
20000596,803.62,33345.08,34148.7,62341.0,830264.0,861840.0,850160.0,280848.0,537735.0,94802.0,0,2020-06-18,1,2
20000597,0.03,64449.9,64449.93,6676.0,40260.0,26422.0,13987.0,8296.0,19529.0,6341.0,1,2020-10-19,0,0
20000598,0.04,109166.85,109166.89,0.0,405961.0,332973.0,1020465.0,451561.0,641892.0,33297.0,1,2020-08-13,0,0
20000599,206.48,3511.6,3718.08,6968.0,123976.0,124677.0,18672.0,8986.0,8984.0,23688.0,1,2021-04-23,0,0
20000600,0.01,668929.1,668929.11,46106.0,363683.0,286075.0,104956.0,4480.0,178083.0,31468.0,1,2021-08-27,0,1
20000601,141.05,3951.03,4092.08,4929.0,32220.0,34479.0,1314.0,-471.0,-472.0,6895.0,1,2021-04-15,1,0
20000602,67.81,8072.41,8140.22,10285.0,193886.0,129902.0,77967.0,65832.0,76119.0,29877.0,1,2021-06-30,0,0
20000603,299.94,5790.39,6090.33,54823.0,358362.0,203243.0,105261.0,93475.0,166904.0,44713.0,1,2021-08-23,0,1
20000604,570.77,8260.01,8830.78,3247.0,45699.0,48955.0,4409.0,577.0,576.0,12238.0,1,2021-05-09,0,1
20000605,160.56,6247.56,6408.12,45694.0,288637.0,264345.0,102131.0,63212.0,63210.0,66086.0,1,2018-08-23,0,1
20000606,90.16,3314.6,3404.76,10574.0,126694.0,140892.0,131675.0,34798.0,82678.0,18316.0,1,2021-06-28,0,0
20000607,571.58,5698.66,6270.24,7194.0,34991.0,24771.0,165646.0,63509.0,112356.0,2477.0,1,2021-03-01,0,0
20000608,321.52,5721.03,6042.55,22229.0,427552.0,285588.0,58977.0,54982.0,145959.0,71397.0,1,2021-01-21,0,1
20000610,0.02,5024.85,5024.87,9226.0,62452.0,52237.0,19700.0,14958.0,14956.0,13059.0,1,2021-11-10,0,0
20000611,86.88,9547.79,9634.67,6256.0,104608.0,85025.0,41819.0,20403.0,40999.0,19555.0,1,2002-05-08,0,0
20000612,0.02,239226.76,239226.78,11721.0,114197.0,122235.0,161988.0,65571.0,88379.0,22002.0,1,2020-10-10,0,0
20000613,0.03,116148.26,116148.29,4504.0,80318.0,53639.0,10605.0,10917.0,26368.0,12873.0,1,2020-04-26,0,0
20000614,276.68,2622.52,2899.2,8885.0,99103.0,61295.0,187654.0,64878.0,160584.0,6742.0,1,2018-12-12,1,0
20000615,0.05,40963.25,40963.3,10999.0,19371.0,15011.0,213456.0,87432.0,130383.0,2852.0,1,2018-12-31,0,0
20000616,58.3,7197.66,7255.96,52989.0,227812.0,117229.0,23675.0,46237.0,88020.0,22273.0,1,2020-04-15,0,0
20000617,152.07,1900.88,2052.95,4741.0,57623.0,61891.0,4236.0,-15.0,-16.0,8045.0,1,2021-11-13,0,0
20000618,0.03,308194.54,308194.57,29581.0,568526.0,420124.0,70899.0,27473.0,191827.0,100829.0,1,2002-10-19,0,1
20000619,0.01,557621.93,557621.94,53315.0,277793.0,132842.0,33703.0,47825.0,130828.0,26568.0,1,2021-08-22,0,1
20000620,776.82,6594.39,7371.21,36453.0,235175.0,164503.0,725509.0,258198.0,537983.0,36190.0,1,2018-12-31,1,1
20000621,1435.24,24450.35,25885.59,12202.0,169917.0,121251.0,17051.0,13365.0,52351.0,27887.0,1,2019-04-03,0,2
20000622,127.87,3073.83,3201.7,6340.0,32801.0,20858.0,10980.0,7162.0,15761.0,3128.0,1,2021-09-29,0,0
20000623,191.79,3058.9,3250.69,5785.0,105316.0,73729.0,12666.0,8858.0,35394.0,17694.0,1,2019-03-17,0,0
20000624,325.38,11337.16,11662.54,34985.0,246549.0,292862.0,619996.0,296388.0,277294.0,38072.0,1,2021-09-13,0,1
20000625,0.02,306039.53,306039.55,10071.0,76269.0,64858.0,26314.0,18863.0,18862.0,15566.0,1,2021-01-02,0,0
20000626,66.55,6655.08,6721.63,52985.0,302486.0,197508.0,26983.0,16647.0,115314.0,49377.0,1,2021-09-29,0,0
20000627,88.48,3553.43,3641.91,6196.0,41741.0,29748.0,13358.0,4412.0,20937.0,7437.0,1,2021-04-22,0,0
20000628,279.1,4966.13,5245.23,16616.0,118081.0,76051.0,40647.0,25535.0,57142.0,16731.0,1,2021-06-09,0,0
20000629,499.57,5051.27,5550.84,11483.0,38134.0,29761.0,271399.0,106433.0,173339.0,5654.0,1,2021-01-19,0,0
20000630,432.37,5666.69,6099.06,5530.0,121481.0,89835.0,19369.0,10169.0,40847.0,8983.0,1,2021-09-17,0,0
20000631,211.49,7394.71,7606.2,27468.0,143909.0,72137.0,18994.0,22346.0,68419.0,13706.0,1,2021-06-28,0,1
20000632,207.13,2693.53,2900.66,5391.0,137057.0,87051.0,19543.0,24135.0,45414.0,20021.0,1,2020-12-03,0,0
20000633,164.9,6152.98,6317.88,10229.0,117699.0,153457.0,123547.0,10590.0,77199.0,16880.0,1,2021-08-28,0,0
20000634,116.25,3981.06,4097.31,8104.0,55060.0,52725.0,14316.0,8326.0,8324.0,7381.0,1,2021-11-19,0,0
20000635,43.76,5030.21,5073.97,3214.0,52211.0,49418.0,26562.0,7299.0,22056.0,4941.0,1,2020-03-24,0,0
20000636,0.01,525941.09,525941.1,58149.0,324858.0,177129.0,36496.0,32456.0,151769.0,30112.0,1,2021-10-18,0,1
20000637,0.04,73590.47,73590.51,7255.0,133694.0,95225.0,19903.0,12292.0,46079.0,21901.0,1,2019-07-26,0,0
20000638,932.47,31716.67,32649.14,48800.0,312985.0,237741.0,12769.0,44007.0,44005.0,35661.0,1,2021-12-04,1,2
20000639,180.97,2721.34,2902.31,3202.0,44473.0,34871.0,3791.0,6697.0,6695.0,7671.0,1,2018-10-01,0,0
20000640,145.44,5841.16,5986.6,16484.0,92359.0,48794.0,12523.0,12037.0,44050.0,7319.0,1,2021-10-14,0,0
20000641,0.02,211800.97,211800.99,16409.0,76338.0,36597.0,8050.0,12347.0,35443.0,7685.0,1,2001-01-13,0,0
20000642,115.57,3237.25,3352.82,10245.0,88224.0,76319.0,30721.0,21314.0,21312.0,16027.0,1,2021-02-10,0,0
20000643,197.67,7214.35,7412.02,58070.0,277685.0,133122.0,30033.0,45354.0,129242.0,27955.0,1,2021-03-15,0,1
20000644,284.58,3462.1,3746.68,10261.0,241066.0,164036.0,977673.0,506270.0,548432.0,34447.0,1,2020-06-16,0,0
20000645,145.91,4602.72,4748.63,9997.0,73588.0,88678.0,179536.0,83446.0,80999.0,14188.0,1,2021-08-24,0,0
20000646,112.78,10346.65,10459.43,8446.0,155347.0,143818.0,75893.0,22675.0,64747.0,25887.0,1,2021-10-16,1,0
20000647,126.79,1312.52,1439.31,9309.0,224732.0,186962.0,857793.0,408426.0,487136.0,46740.0,1,2021-08-18,0,0
20000648,60.51,5654.79,5715.3,23446.0,97127.0,52016.0,8148.0,16412.0,36846.0,6242.0,1,2019-08-10,0,0
20000649,132.71,4108.73,4241.44,6133.0,42360.0,33829.0,1864.0,5198.0,5196.0,7104.0,1,2017-10-19,0,0
20000650,118.3,2008.53,2126.83,18208.0,141992.0,71097.0,42653.0,47075.0,66472.0,10664.0,1,2021-11-26,0,0
20000651,160.86,4468.42,4629.28,47134.0,299131.0,308582.0,75082.0,32816.0,32814.0,74059.0,0,2021-06-10,0,1
20000652,0.01,40566.22,40566.23,6056.0,41756.0,33431.0,2006.0,5166.0,5164.0,4680.0,1,2020-08-07,0,0
20000653,44.03,4193.3,4237.33,6643.0,123035.0,102070.0,44816.0,18783.0,46998.0,21434.0,1,2021-11-07,0,0
20000654,201.91,7369.06,7570.97,34094.0,232525.0,207134.0,73171.0,49282.0,49280.0,41426.0,1,2018-02-09,0,1
20000655,227.26,6401.71,6628.97,16916.0,91879.0,44856.0,8909.0,13601.0,42331.0,10765.0,1,2021-08-02,1,0
20000656,166.49,5252.04,5418.53,13876.0,70765.0,31940.0,6388.0,12808.0,32404.0,7985.0,1,2021-04-08,0,0
20000657,140.77,2776.5,2917.27,6017.0,112082.0,83533.0,15780.0,5971.0,38359.0,9188.0,1,2017-12-13,0,0
20000658,665.14,5416.41,6081.55,60056.0,119072.0,88786.0,1498762.0,623060.0,905987.0,10654.0,1,2021-10-08,0,1
20000659,76.25,2459.8,2536.05,7558.0,42078.0,31266.0,9818.0,910.0,19720.0,6878.0,1,2020-08-31,0,0
20000660,139.07,5432.45,5571.52,4448.0,32616.0,35567.0,8964.0,3007.0,3005.0,4268.0,1,2020-08-26,0,0
20000661,955.38,32830.88,33786.26,34225.0,188676.0,133796.0,7273.0,31077.0,31075.0,17393.0,1,2021-09-09,1,2
20000662,0.04,101397.6,101397.64,13760.0,99971.0,63614.0,201875.0,69197.0,169034.0,10814.0,1,2020-12-17,0,0
20000663,988.81,7548.18,8536.99,15520.0,62118.0,41257.0,369262.0,148550.0,241573.0,7426.0,1,2018-08-29,0,0
20000664,105.56,4107.3,4212.86,16926.0,89748.0,52107.0,11047.0,6353.0,42333.0,12505.0,1,2019-08-30,0,0
20000665,151.4,5485.61,5637.01,4377.0,29518.0,23755.0,1488.0,3626.0,3624.0,5463.0,0,2021-04-22,1,0
20000666,0.02,28004.76,28004.78,4658.0,83513.0,65589.0,12166.0,1387.0,28704.0,15085.0,1,2020-11-12,0,0
20000667,283.32,5533.59,5816.91,42651.0,271371.0,192024.0,66996.0,24531.0,121812.0,48006.0,1,2018-09-20,1,1
20000668,200.07,4247.78,4447.85,12675.0,83339.0,51827.0,27508.0,19115.0,39905.0,7774.0,1,2021-05-31,0,0
20000669,109.65,4233.5,4343.15,10797.0,62125.0,31511.0,5682.0,7816.0,28479.0,5672.0,1,2019-07-22,0,0
20000670,286.46,8760.2,9046.66,21295.0,149066.0,158607.0,45557.0,18009.0,18007.0,38065.0,1,2020-07-03,0,1
20000671,78.61,2456.44,2535.05,5231.0,35261.0,30075.0,10802.0,7995.0,7993.0,5413.0,1,2014-11-09,0,0
20000672,128.35,2090.35,2218.7,5143.0,119897.0,102221.0,15387.0,16532.0,16530.0,17377.0,1,2020-01-30,0,0
20000673,413.96,7016.26,7430.22,44464.0,774066.0,767338.0,84843.0,45786.0,45784.0,145794.0,1,2020-02-12,0,1
20000674,260.64,4764.83,5025.47,17380.0,119946.0,63539.0,34615.0,35380.0,55642.0,12707.0,1,2020-07-05,0,0
20000675,263.0,5167.07,5430.07,6254.0,98503.0,74896.0,11198.0,1894.0,32910.0,14979.0,1,2010-11-14,0,0
20000676,257.7,9873.75,10131.45,5914.0,38388.0,29248.0,1354.0,5248.0,5246.0,4094.0,1,2021-11-23,0,0
20000677,100.16,9819.99,9920.15,45695.0,611965.0,544134.0,328362.0,132901.0,263291.0,97944.0,1,2018-11-27,0,1
20000678,0.01,60956.36,60956.37,6480.0,41059.0,30687.0,1771.0,6072.0,6071.0,6751.0,1,2020-05-11,1,0
20000679,253.03,4774.23,5027.26,6352.0,108833.0,83477.0,10905.0,339.0,35921.0,10017.0,1,2019-11-16,0,0
20000680,59.45,6324.19,6383.64,54078.0,241498.0,129407.0,23727.0,42989.0,92828.0,14234.0,1,2020-04-13,0,0
20000681,1183.13,38918.68,40101.81,37694.0,260311.0,154180.0,12163.0,20203.0,98090.0,15418.0,1,2021-09-28,1,2
20000682,745.18,6457.38,7202.56,6376.0,35790.0,23115.0,141743.0,54999.0,99419.0,4160.0,1,2021-11-12,0,0
20000683,173.78,6119.15,6292.93,16263.0,89304.0,46151.0,11878.0,12535.0,42497.0,5538.0,1,2021-08-06,0,0
20000684,0.02,50040.01,50040.03,8905.0,83836.0,64142.0,22328.0,1679.0,40342.0,10262.0,1,2021-02-26,0,0
20000685,466.16,6232.02,6698.18,9343.0,264305.0,196343.0,40784.0,20270.0,88476.0,31415.0,1,2020-07-12,0,1
20000686,126.0,4051.37,4177.37,9337.0,66147.0,61226.0,14128.0,9525.0,9523.0,11633.0,1,2019-04-07,0,0
20000687,0.02,79621.21,79621.23,8756.0,67773.0,64206.0,17669.0,10619.0,10617.0,14125.0,1,2021-07-10,0,0
20000688,119.95,4631.21,4751.16,8870.0,58895.0,46467.0,18132.0,1290.0,29270.0,6970.0,1,2020-04-07,0,0
20000689,390.56,3493.38,3883.94,12974.0,137191.0,116622.0,257945.0,57237.0,221276.0,11662.0,1,2021-10-26,0,0
20000690,196.64,4113.87,4310.51,17109.0,92282.0,64530.0,20131.0,7414.0,40468.0,8388.0,1,2020-06-27,0,0
20000691,128.38,3820.97,3949.35,3917.0,26950.0,23015.0,7254.0,5595.0,5593.0,2531.0,1,2019-10-03,0,0
20000692,137.7,4086.12,4223.82,9157.0,62703.0,54200.0,18975.0,13740.0,13738.0,11924.0,1,2019-09-17,0,0
20000693,244.36,3389.22,3633.58,6669.0,43756.0,26184.0,15341.0,11637.0,21275.0,3665.0,1,2019-03-03,0,0
20000694,319.58,5462.94,5782.52,6441.0,119722.0,98128.0,17545.0,19570.0,19568.0,22569.0,0,2021-11-20,0,0
20000695,52.23,5022.27,5074.5,7417.0,134506.0,118790.0,48694.0,13113.0,51296.0,24946.0,1,2019-12-17,0,0
20000696,102.62,3443.64,3546.26,5590.0,36416.0,37604.0,10456.0,361.0,8905.0,4136.0,0,2020-12-21,0,0
20000697,115.32,4576.28,4691.6,7669.0,55022.0,61784.0,17022.0,5131.0,5129.0,11121.0,1,2020-04-23,0,0
20000698,148.03,5212.25,5360.28,6186.0,83430.0,86998.0,99178.0,37175.0,58434.0,13049.0,1,2021-06-06,0,0
20000699,200.88,2060.33,2261.21,9821.0,266693.0,229347.0,694018.0,299044.0,432320.0,41282.0,1,2019-03-22,0,0
20000700,1362.08,38585.95,39948.03,19351.0,159226.0,128358.0,5467.0,18169.0,18167.0,21820.0,1,2021-10-07,1,2
20000701,113.19,2398.06,2511.25,16360.0,137114.0,107185.0,33383.0,1934.0,61379.0,23580.0,1,2021-10-15,0,0
20000702,0.01,41864.73,41864.74,8623.0,61711.0,80005.0,17809.0,-241.0,-243.0,8800.0,1,2021-03-13,0,0
20000703,1339.1,27782.07,29121.17,85157.0,596597.0,429498.0,157215.0,52941.0,271372.0,98784.0,1,2013-05-10,1,2
20000704,0.03,8812.73,8812.76,4762.0,59620.0,53086.0,5867.0,6201.0,6200.0,7432.0,0,2013-10-02,0,0
20000705,121.6,4787.32,4908.92,14916.0,86748.0,40716.0,9318.0,15002.0,40348.0,8550.0,1,2018-06-01,0,0
20000706,216.3,2529.88,2746.18,0.0,471738.0,312626.0,665529.0,312871.0,511770.0,71904.0,1,2015-10-16,0,0
20000707,0.01,314908.4,314908.41,11406.0,63367.0,21907.0,8526.0,19790.0,30195.0,2409.0,1,2018-12-29,0,0
20000708,209.08,3177.5,3386.58,6392.0,112691.0,88031.0,16450.0,2367.0,38742.0,12324.0,0,2006-09-10,0,0
20000709,0.0,189449.28,189449.28,52214.0,213301.0,119126.0,18618.0,31621.0,81172.0,25016.0,1,2021-10-08,0,0
20000710,132.17,3992.97,4125.14,11044.0,65287.0,30052.0,8818.0,12928.0,31124.0,7513.0,1,2018-12-07,0,0
20000711,267.64,4073.65,4341.29,3862.0,50698.0,48683.0,4911.0,3463.0,3462.0,8763.0,1,2020-02-22,0,0
20000712,111.69,3603.0,3714.69,16657.0,58195.0,28327.0,5420.0,8569.0,26718.0,2832.0,1,2021-01-18,0,0
20000713,566.31,7987.51,8553.82,18000.0,405445.0,436003.0,49334.0,9389.0,9387.0,47960.0,0,2001-06-22,0,1
20000714,241.56,8475.9,8717.46,11003.0,69953.0,119526.0,24639.0,-12465.0,-12467.0,22709.0,1,2021-07-24,0,1
20000715,92.09,2970.77,3062.86,8023.0,52055.0,64327.0,18293.0,3011.0,3009.0,10935.0,1,2021-02-23,0,0
20000716,0.01,56869.49,56869.5,9458.0,72418.0,50402.0,17978.0,5643.0,34350.0,6048.0,1,2019-11-14,0,0
20000717,186.02,3207.18,3393.2,4485.0,67949.0,59955.0,5271.0,6633.0,6632.0,9592.0,1,2013-12-17,0,0
20000718,180.72,3636.18,3816.9,16439.0,114959.0,83838.0,30861.0,9486.0,52495.0,9222.0,1,2021-08-29,0,0
20000719,247.33,4464.36,4711.69,13764.0,99274.0,73760.0,23365.0,4728.0,44150.0,8113.0,1,2017-12-13,0,0
20000720,89.69,2512.35,2602.04,7467.0,49641.0,33953.0,16773.0,7224.0,25237.0,5432.0,1,2021-04-03,0,0
20000721,281.34,5560.16,5841.5,3984.0,73813.0,55146.0,9930.0,3474.0,25123.0,8271.0,0,2021-09-10,0,0
20000722,0.07,6291.62,6291.69,9581.0,108733.0,54036.0,260606.0,108472.0,206830.0,13509.0,1,2021-06-28,1,0
20000723,207.42,6756.4,6963.82,19690.0,136337.0,136981.0,5870.0,2614.0,2612.0,16437.0,1,2021-06-09,0,1
20000724,1024.42,6018.94,7043.36,8809.0,59165.0,48396.0,18934.0,6272.0,23429.0,9195.0,1,2020-07-24,0,0
20000725,0.01,84340.64,84340.65,6132.0,40413.0,49367.0,13719.0,2383.0,2381.0,11848.0,0,2021-02-28,0,0
20000726,193.18,5925.91,6119.09,6765.0,46047.0,36499.0,1910.0,5729.0,5727.0,8029.0,1,2021-07-30,0,0
20000727,302.03,4242.02,4544.05,6940.0,117539.0,93880.0,16113.0,19887.0,19885.0,14082.0,0,2021-01-27,0,0
20000728,0.01,256499.76,256499.77,14141.0,90604.0,36056.0,9955.0,22267.0,42235.0,8293.0,1,2021-04-08,0,0
20000729,172.34,2406.97,2579.31,2267.0,53518.0,38419.0,7116.0,4630.0,17584.0,7683.0,0,2021-08-18,0,0
20000730,104.18,2188.73,2292.91,15414.0,113192.0,68377.0,32998.0,25184.0,52628.0,8205.0,1,2020-02-16,0,0
20000731,209.18,3268.42,3477.6,2471.0,56673.0,40429.0,8817.0,6069.0,18992.0,7277.0,1,2011-08-13,0,0
20000732,238.78,8205.58,8444.36,15828.0,106991.0,71800.0,4328.0,19760.0,19758.0,13642.0,1,2013-11-30,0,1
20000733,295.81,3546.84,3842.65,0.0,818864.0,817578.0,1109690.0,243127.0,867850.0,114460.0,1,2021-07-11,0,1
20000734,46.08,4702.31,4748.39,8146.0,165437.0,144624.0,72945.0,27011.0,66747.0,31817.0,0,2021-08-07,0,0
20000735,168.51,5524.8,5693.31,51115.0,272108.0,128904.0,32604.0,47828.0,127979.0,14179.0,1,2020-10-02,0,1
20000736,0.01,80374.21,80374.22,8044.0,59930.0,70267.0,19087.0,4375.0,4373.0,11945.0,1,2020-10-11,0,0
20000737,146.09,3624.96,3771.05,15864.0,128956.0,122733.0,33530.0,19877.0,19876.0,24546.0,1,2021-06-28,0,0
20000738,0.01,10947.44,10947.45,6331.0,42192.0,32024.0,12084.0,1626.0,20624.0,7045.0,1,2017-11-06,0,0
20000739,147.4,5047.86,5195.26,8298.0,57994.0,79328.0,15733.0,-2799.0,-2801.0,18245.0,1,2021-02-26,0,0
20000740,102.87,3571.94,3674.81,7787.0,63860.0,80247.0,14688.0,-847.0,-849.0,11234.0,1,2018-03-01,0,0
20000741,0.02,4045.56,4045.58,4781.0,27528.0,15613.0,6497.0,6163.0,12249.0,2498.0,1,2021-08-05,0,0
20000742,0.01,31289.98,31289.99,7923.0,52902.0,38474.0,17750.0,5330.0,26848.0,9618.0,1,2021-11-02,0,0
20000743,0.01,229088.86,229088.87,6962.0,42346.0,42633.0,102695.0,55995.0,46413.0,5115.0,1,2020-03-22,0,0
20000744,278.91,3417.96,3696.87,0.0,404237.0,347060.0,587026.0,198135.0,446069.0,38176.0,1,2020-12-20,0,0
20000745,0.01,1728.79,1728.8,2918.0,19357.0,23473.0,5114.0,500.0,498.0,4929.0,1,2012-03-12,0,0
20000746,141.52,4717.41,4858.93,5617.0,44520.0,27265.0,2170.0,2616.0,16808.0,2726.0,1,2021-11-23,0,0
20000747,0.03,948394.17,948394.2,26897.0,374222.0,342387.0,27717.0,29777.0,29775.0,61629.0,1,2016-09-11,0,3
20000748,0.02,574725.56,574725.58,54253.0,457789.0,374846.0,162723.0,9870.0,235794.0,93711.0,1,2014-06-06,0,1
20000749,132.99,4601.82,4734.81,6976.0,45805.0,48808.0,10780.0,3889.0,3887.0,7809.0,1,2021-01-06,0,0
20000750,424.46,7486.04,7910.5,4909.0,98693.0,82903.0,13754.0,14773.0,14771.0,12435.0,0,2020-06-28,0,0
20000751,0.04,281847.13,281847.17,0.0,418909.0,358183.0,696397.0,255234.0,501887.0,75218.0,0,2012-05-09,0,0
20000752,203.7,2621.6,2825.3,3733.0,97667.0,68382.0,11707.0,9273.0,31718.0,17095.0,1,2020-12-08,0,0
20000753,0.02,37883.94,37883.96,6510.0,56958.0,44777.0,1931.0,7057.0,7055.0,9403.0,1,2021-11-03,0,0
20000754,507.28,4418.82,4926.1,10332.0,68837.0,44045.0,223839.0,84732.0,163899.0,6166.0,1,2021-02-08,0,0
20000755,0.03,92138.13,92138.16,6933.0,105839.0,95500.0,8015.0,9178.0,9176.0,16235.0,1,2021-05-24,0,2
20000756,0.01,27199.11,27199.12,13689.0,72123.0,34064.0,9797.0,13450.0,34407.0,5450.0,1,2021-10-02,0,0
20000757,217.65,2845.08,3062.73,6215.0,50480.0,31651.0,12051.0,8368.0,22511.0,4747.0,1,2018-03-31,0,0
20000758,294.16,8576.13,8870.29,20139.0,112642.0,51450.0,10652.0,20060.0,51784.0,12348.0,1,2018-06-28,0,1
20000759,0.02,91719.76,91719.78,5579.0,33213.0,26912.0,1343.0,3823.0,3821.0,4575.0,1,2012-11-04,0,0
20000760,231.3,3121.48,3352.78,4549.0,66831.0,60963.0,6758.0,6314.0,6312.0,7925.0,0,2021-08-25,0,0
20000761,156.15,5037.2,5193.35,23360.0,205963.0,251867.0,53410.0,3753.0,3751.0,25186.0,1,2021-11-19,0,1
20000762,0.02,297318.28,297318.3,102090.0,582025.0,367643.0,197584.0,131307.0,280659.0,36764.0,1,2004-03-14,1,2
20000763,208.38,6075.19,6283.57,6567.0,31951.0,37005.0,8896.0,1922.0,1920.0,3700.0,1,2021-01-02,0,0
20000764,319.17,3057.18,3376.35,0.0,636704.0,738183.0,903461.0,108907.0,693074.0,81200.0,0,2020-03-23,0,0
20000765,132.22,3877.38,4009.6,16245.0,85288.0,38751.0,11300.0,17270.0,40567.0,6200.0,1,2021-10-24,0,0
20000766,339.37,5197.14,5536.51,4898.0,128605.0,97015.0,17417.0,6660.0,42346.0,9701.0,1,2006-01-11,0,0
20000767,137.07,4128.53,4265.6,9790.0,40686.0,19569.0,5338.0,7125.0,19330.0,3522.0,1,2021-02-03,0,0
20000768,91.63,3709.61,3801.24,10267.0,110433.0,113422.0,180180.0,84195.0,92996.0,27221.0,1,2013-01-13,0,0
20000769,0.07,30785.27,30785.34,12199.0,100840.0,63115.0,202166.0,70208.0,169684.0,15147.0,1,2016-07-20,0,0
20000770,120.91,10334.4,10455.31,64494.0,325752.0,166570.0,29407.0,64283.0,124305.0,39976.0,1,2021-03-17,1,0
20000771,96.18,3327.93,3424.11,5105.0,35743.0,29650.0,11993.0,9044.0,9042.0,6226.0,1,2021-10-20,0,0
20000772,71.05,2030.11,2101.16,8739.0,87078.0,72565.0,21260.0,17887.0,17885.0,9433.0,0,2017-05-30,0,0
20000773,125.57,4886.02,5011.59,5130.0,44929.0,33459.0,2253.0,6862.0,6860.0,3680.0,0,2014-05-22,0,0
20000774,0.02,30538.97,30538.99,3432.0,23971.0,20383.0,7837.0,5714.0,5712.0,2242.0,1,2003-01-10,0,0
20000775,139.85,2497.39,2637.24,5171.0,104003.0,85248.0,16248.0,129.0,34872.0,18754.0,0,2008-11-04,0,0
20000776,78.04,2343.61,2421.65,9790.0,76335.0,83385.0,19318.0,6134.0,6133.0,11673.0,1,2015-07-16,0,0
20000777,0.02,516517.53,516517.55,31670.0,312150.0,358718.0,406163.0,129734.0,229860.0,35871.0,1,2021-11-09,1,2
20000778,161.28,6349.49,6510.77,54562.0,343524.0,306487.0,101663.0,69351.0,69349.0,49037.0,1,2002-12-10,0,1
20000779,631.68,7073.63,7705.31,9948.0,65550.0,43523.0,211266.0,78276.0,155017.0,8269.0,1,2021-08-10,0,0
20000780,97.01,2844.97,2941.98,9357.0,79755.0,66773.0,17242.0,15112.0,15111.0,12687.0,1,2021-07-27,0,0
20000782,0.05,457031.49,457031.54,41697.0,877379.0,763655.0,2398869.0,1038280.0,1474311.0,137458.0,1,2019-12-22,0,1
20000783,1084.22,19257.86,20342.08,15051.0,242192.0,222605.0,16870.0,18229.0,18227.0,40068.0,1,2020-03-01,1,2
20000785,214.21,6530.87,6745.08,11287.0,59102.0,27158.0,6919.0,11133.0,27728.0,2987.0,0,2019-04-05,0,0
20000786,115.6,2745.91,2861.51,8340.0,60895.0,53773.0,16824.0,11974.0,11972.0,9141.0,1,2008-01-07,0,0
20000787,1336.28,39770.15,41106.43,39156.0,276423.0,236818.0,9729.0,24668.0,24666.0,28418.0,1,2020-12-16,1,2
20000788,0.01,261275.23,261275.24,8663.0,35813.0,35528.0,8501.0,366.0,8419.0,6039.0,1,2014-07-25,0,0
20000789,495.66,6203.5,6699.16,7944.0,126409.0,104485.0,12027.0,16976.0,16974.0,10448.0,0,2021-06-08,0,1
20000790,92.65,3406.22,3498.87,7795.0,50293.0,32269.0,11135.0,5816.0,23343.0,5163.0,1,2018-06-03,0,0
20000791,160.05,5230.5,5390.55,7580.0,50460.0,69176.0,12148.0,-3282.0,-3284.0,10376.0,0,2016-12-24,0,0
20000792,191.64,4277.64,4469.28,17159.0,127278.0,67641.0,43107.0,41405.0,61338.0,16910.0,1,2006-07-27,1,0
20000793,121.61,4358.74,4480.35,8217.0,56415.0,60803.0,15993.0,5803.0,5801.0,9120.0,1,2020-07-13,0,0
20000794,0.02,477804.25,477804.27,75488.0,493933.0,408749.0,164960.0,125073.0,125071.0,89924.0,1,2019-07-12,1,2
20000795,228.3,2436.47,2664.77,15122.0,51413.0,52528.0,360556.0,128738.0,230703.0,11556.0,1,2020-03-17,0,0
20000796,69.92,2808.11,2878.03,7747.0,50842.0,42242.0,17745.0,281.0,26063.0,8026.0,1,2021-11-08,0,0
20000797,0.04,593466.11,593466.15,22391.0,510867.0,443115.0,68557.0,68155.0,68153.0,62036.0,1,2017-01-11,0,1
20000798,178.57,6687.88,6866.45,6840.0,58837.0,67930.0,103967.0,42777.0,52097.0,6793.0,1,2020-06-28,0,0
20000799,73.22,6656.04,6729.26,48192.0,209240.0,98182.0,24673.0,53861.0,81869.0,17672.0,1,2019-01-24,0,0
20000800,119.7,4275.03,4394.73,12711.0,146349.0,187324.0,146185.0,11599.0,93611.0,31845.0,1,2021-01-27,0,0
20000801,234.53,7896.54,8131.07,46954.0,238416.0,115205.0,29527.0,40201.0,112536.0,21889.0,1,2020-08-06,0,1
20000802,292.63,4322.45,4615.08,4406.0,83452.0,70605.0,10897.0,11872.0,11870.0,16239.0,1,2017-11-16,0,0
20000803,76.51,2125.33,2201.84,9045.0,65553.0,54628.0,14730.0,12829.0,12827.0,8740.0,1,2021-02-08,0,0
20000804,140.85,5103.42,5244.27,4556.0,32354.0,23652.0,1174.0,4939.0,4937.0,4730.0,0,2021-03-06,0,0
20000805,2180.07,18366.23,20546.3,50540.0,896318.0,868375.0,4055716.0,1855243.0,2228415.0,182358.0,1,2021-07-15,1,2
20000806,109.96,4057.53,4167.49,5587.0,38601.0,32742.0,10720.0,8290.0,8289.0,7203.0,1,2019-09-24,0,0
20000807,0.04,59736.82,59736.86,4139.0,86747.0,67780.0,9544.0,586.0,27924.0,8811.0,0,2019-05-25,0,0
20000808,217.1,2545.15,2762.25,9759.0,191243.0,175986.0,881951.0,414271.0,482937.0,31677.0,1,2021-05-05,1,0
20000809,0.01,663.34,663.35,8664.0,62314.0,59142.0,14960.0,9066.0,9064.0,6505.0,1,2018-04-21,0,0
20000810,97.61,3148.79,3246.4,9546.0,82765.0,58798.0,25108.0,8084.0,40992.0,9407.0,1,2021-08-23,0,0
20000811,207.87,6060.38,6268.25,7643.0,60386.0,68788.0,89708.0,33276.0,48030.0,13069.0,1,2021-06-02,0,0
20000812,113.17,4160.77,4273.94,7623.0,57622.0,85341.0,17052.0,-5332.0,-5334.0,9387.0,0,2018-01-18,1,0
20000813,283.54,4830.31,5113.85,13337.0,94783.0,68344.0,22181.0,6512.0,42107.0,12301.0,1,2017-09-09,0,0
20000814,0.01,64999.59,64999.6,4489.0,38557.0,25931.0,1503.0,7065.0,7064.0,2852.0,1,2017-05-31,0,0
20000815,0.03,39419.75,39419.78,4523.0,115413.0,82022.0,17809.0,12565.0,38634.0,18865.0,1,2021-06-18,0,0
20000816,127.2,3583.11,3710.31,7708.0,38908.0,37351.0,13798.0,7678.0,7676.0,8590.0,1,2021-02-27,0,0
20000817,283.4,4229.78,4513.18,2668.0,49299.0,34067.0,4953.0,3908.0,16275.0,8176.0,1,2021-01-23,0,0
20000818,173.76,4853.58,5027.34,11395.0,77426.0,102505.0,167966.0,64361.0,78525.0,20501.0,1,2018-07-03,0,0
20000819,454.2,6460.94,6915.14,41147.0,653948.0,450996.0,94893.0,73192.0,224652.0,85689.0,1,2021-11-12,0,1
20000820,37.47,4684.22,4721.69,58801.0,267339.0,173284.0,27782.0,18544.0,103292.0,34656.0,1,2021-07-11,0,0
20000821,279.44,4704.43,4983.87,4505.0,60392.0,58260.0,4162.0,3148.0,3146.0,8156.0,1,2008-10-01,0,0
20000822,52.38,4988.6,5040.98,9573.0,156317.0,133623.0,52161.0,16481.0,58374.0,30733.0,0,2020-08-16,0,0
20000823,0.05,56369.6,56369.65,12927.0,74080.0,42765.0,206527.0,80701.0,157140.0,7270.0,0,2020-10-09,0,0
20000824,424.48,12197.58,12622.06,19059.0,133005.0,76107.0,6075.0,12903.0,50068.0,9893.0,1,2021-08-11,0,1
20000825,163.3,2433.62,2596.92,5133.0,71462.0,65247.0,5944.0,6081.0,6079.0,7177.0,1,2020-12-11,0,0
20000826,0.01,95120.82,95120.83,15416.0,113041.0,54424.0,14400.0,19492.0,53525.0,7075.0,0,2019-07-07,1,0
20000827,169.26,5424.89,5594.15,15590.0,82316.0,38522.0,8300.0,14034.0,38059.0,5007.0,1,2021-11-08,0,0
20000828,136.17,5138.51,5274.68,6733.0,45948.0,75915.0,12465.0,-8749.0,-8751.0,11387.0,1,2018-04-29,0,0
20000829,98.86,2873.75,2972.61,5250.0,38273.0,29136.0,1764.0,5451.0,5450.0,7284.0,1,2014-05-03,0,0
20000830,0.01,37301.42,37301.43,7774.0,53822.0,47363.0,13324.0,7025.0,12758.0,10420.0,0,2021-11-06,0,0
20000831,0.02,30213.32,30213.34,8566.0,114111.0,117307.0,7802.0,2304.0,2302.0,19942.0,1,2021-11-10,0,1
20000832,0.02,219738.32,219738.34,50787.0,378053.0,217011.0,118966.0,101081.0,178927.0,36892.0,1,2020-03-10,0,1
20000833,0.02,31136.28,31136.3,4303.0,75284.0,50799.0,7503.0,7151.0,24836.0,12191.0,1,2016-02-24,0,0
20000834,966.5,5287.22,6253.72,3190.0,16620.0,12807.0,5485.0,2666.0,6632.0,1921.0,1,2017-11-19,0,0
20000835,440.58,4192.01,4632.59,15516.0,24977.0,18981.0,421046.0,177268.0,249773.0,4365.0,1,2017-01-24,0,0
20000836,0.01,20481.44,20481.45,5445.0,33852.0,28506.0,8754.0,7051.0,7049.0,3135.0,1,2021-05-28,0,0
20000837,169.66,4903.35,5073.01,7227.0,47036.0,69860.0,16605.0,-3108.0,-3110.0,11177.0,1,2021-01-15,0,0
20000838,160.46,4789.72,4950.18,19902.0,97358.0,140510.0,30711.0,-6219.0,-6221.0,21076.0,1,2021-07-21,0,1
20000839,134.83,4903.09,5037.92,4019.0,24713.0,36499.0,8526.0,-1628.0,-1630.0,5474.0,1,2018-10-11,0,0
20000840,360.85,5673.79,6034.64,8298.0,116944.0,106097.0,8253.0,9550.0,9548.0,12731.0,0,2019-12-18,0,1
20000841,234.67,6647.76,6882.43,41206.0,282188.0,271012.0,75156.0,43167.0,43165.0,27101.0,1,2021-05-18,0,1
20000842,0.02,138180.21,138180.23,13625.0,97430.0,71732.0,26155.0,7362.0,44491.0,17215.0,1,2021-01-16,0,0
20000843,0.01,43903.07,43903.08,10146.0,50860.0,23941.0,5525.0,8763.0,23682.0,5745.0,1,2017-06-26,0,0
20000844,700.82,20795.81,21496.63,96653.0,447281.0,200436.0,47498.0,86536.0,207807.0,38082.0,1,2021-07-27,1,2
20000845,0.01,116330.49,116330.5,49132.0,325532.0,274393.0,86013.0,68577.0,68575.0,65854.0,1,2019-11-03,0,1
20000846,0.01,36049.04,36049.05,3295.0,25388.0,32338.0,7051.0,51.0,49.0,6467.0,0,2021-07-19,0,0
20000847,280.31,6443.95,6724.26,16029.0,100302.0,65644.0,32950.0,19637.0,47971.0,14441.0,1,2020-01-02,0,1
20000848,250.21,2808.24,3058.45,10967.0,296275.0,256816.0,559518.0,213870.0,385107.0,53931.0,0,2001-06-18,0,0
20000849,119.37,4388.59,4507.96,49455.0,332571.0,273797.0,71034.0,64905.0,64903.0,49283.0,1,2021-11-24,0,1
20000850,305.8,10366.27,10672.07,33770.0,285357.0,336560.0,504232.0,200361.0,252668.0,33656.0,1,2020-06-08,0,1
20000851,0.02,47831.99,47832.01,7326.0,52079.0,62332.0,18218.0,3983.0,3981.0,6856.0,1,2020-10-08,0,0
20000852,32.87,3867.08,3899.95,57286.0,248790.0,135591.0,28834.0,44864.0,97168.0,16270.0,1,2016-12-27,0,0
20000853,0.02,95864.06,95864.08,16075.0,148785.0,105149.0,38271.0,14566.0,67340.0,24184.0,1,2003-07-26,0,0
20000854,160.23,2043.69,2203.92,2781.0,14798.0,9722.0,5082.0,3000.0,7157.0,2139.0,1,2017-07-21,0,0
20000855,103.64,2903.14,3006.78,5628.0,47499.0,50771.0,11243.0,3986.0,3984.0,8123.0,1,2021-10-22,0,0
20000856,223.04,2997.83,3220.87,4521.0,61014.0,51091.0,6075.0,8000.0,7998.0,7663.0,1,2021-12-01,0,0
20000857,0.0,100736.66,100736.66,9724.0,175693.0,277670.0,68596.0,-16689.0,-16691.0,52757.0,1,2021-08-02,1,0
20000858,0.01,34978.88,34978.89,5185.0,36101.0,28091.0,1567.0,4789.0,4787.0,4494.0,1,2021-01-04,0,0
20000859,125.46,3722.74,3848.2,6636.0,48424.0,75591.0,12054.0,-7555.0,-7556.0,18141.0,1,2018-04-30,0,0
20000860,142.04,5727.59,5869.63,12313.0,34270.0,17234.0,3085.0,4431.0,15689.0,1895.0,1,2015-07-17,0,0
20000861,117.34,3667.03,3784.37,8037.0,75775.0,69448.0,17987.0,12157.0,12155.0,11111.0,1,2015-03-02,0,0
20000862,105.54,2947.97,3053.51,7709.0,55809.0,73565.0,14278.0,-1738.0,-1740.0,9563.0,0,2021-04-15,0,0
20000863,1053.45,8475.04,9528.49,12046.0,83457.0,74280.0,257464.0,75725.0,190916.0,17084.0,1,2019-07-18,0,0
20000864,159.19,5726.18,5885.37,4839.0,32012.0,38371.0,10968.0,2305.0,2303.0,3837.0,1,2020-09-21,0,0
20000865,135.55,5601.3,5736.85,11582.0,93803.0,106040.0,25448.0,6606.0,6604.0,12724.0,1,2021-11-30,0,1
20000866,192.59,7925.7,8118.29,49607.0,271875.0,131805.0,32031.0,44460.0,127641.0,25043.0,0,2020-07-24,0,1
20000867,208.84,8523.98,8732.82,46246.0,234887.0,114604.0,26971.0,37274.0,109980.0,28651.0,1,2014-12-03,0,1
20000868,250.25,8397.75,8648.0,10918.0,84891.0,84716.0,171082.0,89345.0,81911.0,18637.0,1,2019-08-12,0,0
20000869,187.14,6176.16,6363.3,5711.0,41294.0,33085.0,1936.0,5073.0,5072.0,7609.0,1,2020-05-18,0,0
20000870,120.92,10247.74,10368.66,103849.0,320008.0,164682.0,37734.0,67850.0,125210.0,24702.0,1,2018-01-23,0,1
20000871,0.03,62717.24,62717.27,7275.0,47503.0,36399.0,15093.0,3662.0,22534.0,8007.0,1,2012-04-15,0,0
20000872,153.37,5012.15,5165.52,6568.0,51298.0,40937.0,1695.0,6029.0,6027.0,9415.0,1,2020-09-28,0,0
20000873,129.3,4753.58,4882.88,11335.0,62341.0,38271.0,5925.0,1323.0,28672.0,9567.0,1,2020-02-27,0,0
20000874,0.01,57383.86,57383.87,8196.0,54132.0,70129.0,11667.0,-2163.0,-2165.0,17532.0,1,2004-01-31,0,0
20000875,0.04,168217.46,168217.5,5259.0,125530.0,89402.0,14971.0,10354.0,40745.0,22350.0,1,2011-05-17,0,0
20000876,127.36,4994.59,5121.95,45493.0,300570.0,272403.0,104664.0,66416.0,66414.0,27240.0,1,2020-08-08,0,1
20000877,201.98,6600.54,6802.52,12776.0,79190.0,40784.0,8487.0,10068.0,36824.0,6933.0,1,2007-04-12,0,0
20000878,273.77,5041.81,5315.58,21943.0,305750.0,251650.0,42873.0,48487.0,48486.0,52846.0,1,2020-09-02,0,1
20000879,177.4,3237.2,3414.6,4976.0,65957.0,45523.0,7354.0,5795.0,21993.0,6828.0,1,2021-03-14,0,0
20000880,189.67,3467.38,3657.05,17342.0,305793.0,218477.0,42094.0,25043.0,104366.0,37141.0,1,2019-11-19,0,1
20000881,208.21,4753.59,4961.8,40199.0,398373.0,216015.0,86124.0,94062.0,174419.0,21601.0,1,2021-02-27,0,1
20000882,0.02,194785.19,194785.21,24861.0,351222.0,342228.0,36748.0,22872.0,22870.0,65023.0,1,2016-10-08,1,3
20000883,160.7,5117.81,5278.51,6763.0,31572.0,52631.0,6990.0,-7032.0,-7034.0,9999.0,1,2021-09-19,0,0
20000884,173.04,6093.13,6266.17,13469.0,66743.0,29108.0,8998.0,14822.0,31811.0,5239.0,1,2019-05-22,0,0
20000885,96.05,3920.41,4016.46,13629.0,68569.0,30203.0,6484.0,13327.0,31522.0,5436.0,1,2015-04-20,0,0
20000887,73.69,2594.61,2668.3,16723.0,99278.0,38859.0,9460.0,24208.0,45670.0,5828.0,0,2021-10-11,1,0
20000888,359.74,2111.17,2470.91,4119.0,29972.0,21957.0,6874.0,3834.0,11053.0,4611.0,1,2021-09-23,0,0
20000889,0.01,472448.13,472448.14,43491.0,329861.0,378924.0,87853.0,19395.0,19394.0,41681.0,1,2021-09-08,1,2
20000890,72.14,2993.52,3065.66,9098.0,51665.0,43097.0,18322.0,295.0,26595.0,6033.0,1,2020-06-21,0,0
20000891,672.8,6116.32,6789.12,13829.0,68704.0,47927.0,307962.0,117805.0,210933.0,7668.0,1,2019-05-23,0,0
20000892,758.12,4459.53,5217.65,12002.0,84524.0,66192.0,26277.0,11368.0,33240.0,16548.0,1,2021-05-25,0,1
20000893,80.23,3171.26,3251.49,8652.0,46362.0,36513.0,12809.0,172.0,22485.0,4381.0,1,2021-07-29,0,0
20000894,0.02,80058.0,80058.02,31818.0,541214.0,468391.0,73117.0,72971.0,72969.0,103046.0,1,2021-09-25,0,1
20000895,93.49,3065.29,3158.78,6936.0,37910.0,45134.0,13322.0,3049.0,3047.0,7221.0,1,2019-12-06,0,0
20000896,0.01,408269.27,408269.28,15590.0,102576.0,76752.0,3910.0,14868.0,14866.0,18420.0,1,2007-05-26,1,1
20000897,157.22,2797.42,2954.64,5506.0,85578.0,52903.0,8895.0,13228.0,28342.0,12167.0,1,2021-10-13,0,0
20000898,165.26,4918.35,5083.61,55430.0,398135.0,315658.0,92372.0,87425.0,87423.0,37879.0,1,2011-01-08,0,1
20000899,117.41,3669.17,3786.58,7514.0,52950.0,38845.0,13583.0,2405.0,25282.0,8545.0,1,2011-07-15,0,0
20000900,189.47,3295.12,3484.59,4603.0,104899.0,78214.0,16827.0,8211.0,35300.0,7821.0,1,2020-10-11,0,0
20000901,134.05,4839.2,4973.25,11742.0,63369.0,30184.0,5600.0,9818.0,28967.0,6338.0,1,2017-09-10,0,0
20000902,566.79,4739.01,5305.8,12860.0,94345.0,62638.0,252513.0,89979.0,194241.0,12527.0,1,2020-04-24,0,0
20000903,228.57,3692.56,3921.13,16686.0,100136.0,68261.0,26811.0,12984.0,45701.0,9556.0,1,2021-10-01,0,1
20000904,228.18,6373.61,6601.79,11630.0,123887.0,123573.0,224895.0,113598.0,111610.0,16064.0,1,2018-03-09,0,0
20000905,241.76,4913.92,5155.68,16104.0,111688.0,81327.0,24291.0,5698.0,48952.0,10572.0,1,2021-04-21,0,0
20000906,0.01,85942.07,85942.08,10156.0,76118.0,81726.0,164185.0,81681.0,76897.0,14710.0,1,2012-09-29,0,0
20000908,244.22,3286.92,3531.14,5991.0,34541.0,18991.0,11890.0,10724.0,16715.0,4747.0,1,2010-02-20,0,0
20000909,0.01,49252.25,49252.26,6451.0,50538.0,48562.0,15903.0,5255.0,12623.0,7284.0,1,2020-12-16,0,0
20000910,193.5,5776.11,5969.61,13810.0,74996.0,35301.0,9250.0,13561.0,35383.0,8119.0,1,2011-11-10,1,0
20000911,107.81,3089.15,3196.96,4680.0,33847.0,24919.0,8848.0,1552.0,16224.0,6229.0,1,2021-08-24,0,0
20000912,179.21,3368.52,3547.73,16687.0,125187.0,163938.0,28545.0,-5102.0,-5103.0,34427.0,1,2018-07-16,0,0
20000913,107.08,4388.61,4495.69,44460.0,299028.0,268833.0,94782.0,62489.0,62488.0,37636.0,1,2021-12-04,0,1
20000914,132.38,3999.33,4131.71,7201.0,51931.0,43158.0,15484.0,12129.0,12128.0,6473.0,1,2021-04-13,0,0
20000915,183.33,5298.42,5481.75,5996.0,43575.0,35114.0,1914.0,5188.0,5186.0,8076.0,1,2009-01-17,0,0
20000916,64.42,7668.91,7733.33,10694.0,196424.0,170230.0,67445.0,19756.0,73883.0,40855.0,1,2021-07-18,1,0
20000917,0.04,58905.89,58905.93,25179.0,439699.0,366579.0,66481.0,69802.0,69800.0,65984.0,1,2018-07-05,0,1
20000918,0.03,506999.97,507000.0,127571.0,2656376.0,1897684.0,409899.0,279372.0,889220.0,436467.0,1,2018-03-10,0,3
20000919,0.02,15679.48,15679.5,9358.0,68550.0,56121.0,17206.0,14818.0,14816.0,11785.0,1,2021-06-29,0,0
20000920,230.64,6627.46,6858.1,34901.0,339472.0,385226.0,491508.0,179840.0,265914.0,92454.0,1,2018-05-06,0,1
20000921,167.04,4799.96,4967.0,12713.0,74560.0,28331.0,7194.0,19086.0,34337.0,5382.0,1,2019-12-28,1,0
20000922,39.45,4870.18,4909.63,48255.0,225413.0,121461.0,23623.0,40412.0,87162.0,14575.0,1,2015-06-29,0,0
20000923,0.04,292288.04,292288.08,12910.0,337693.0,318572.0,1095640.0,469761.0,645000.0,38228.0,1,2021-11-01,0,0
20000924,344.78,5823.93,6168.71,4604.0,61251.0,60198.0,4843.0,2949.0,2947.0,8427.0,1,2021-04-04,0,0
20000925,295.16,4204.49,4499.65,2359.0,43786.0,35858.0,5193.0,6561.0,6560.0,5020.0,1,2021-07-24,0,0
20000926,220.04,2891.44,3111.48,3403.0,48672.0,37594.0,4950.0,1013.0,15014.0,8646.0,1,2021-12-07,0,0
20000927,210.42,6134.82,6345.24,60637.0,296390.0,127479.0,39805.0,67514.0,141202.0,16572.0,1,2021-11-07,0,1
20000928,188.44,3975.52,4163.96,10869.0,66700.0,46474.0,17110.0,7164.0,30171.0,7435.0,1,2015-10-13,0,0
20000929,357.73,3083.91,3441.64,14274.0,66951.0,41687.0,273250.0,108001.0,190513.0,6253.0,1,2021-10-10,0,0
20000930,170.32,5997.28,6167.6,6532.0,44871.0,34294.0,11919.0,916.0,21580.0,4458.0,1,2012-12-20,0,0
20000931,141.1,4750.9,4892.0,4508.0,43161.0,50793.0,63137.0,21489.0,34015.0,6095.0,1,2019-12-04,0,0
20000932,316.47,4046.98,4363.45,1702.0,10721.0,7190.0,3439.0,1872.0,5097.0,790.0,0,2021-06-22,0,0
20000933,210.28,3879.78,4090.06,16059.0,91547.0,60868.0,24060.0,13120.0,41618.0,14608.0,1,2021-06-28,0,0
20000934,0.01,106842.18,106842.19,7796.0,55467.0,49399.0,17160.0,11615.0,11613.0,5927.0,1,2018-03-08,0,0
20000935,206.65,6224.28,6430.93,5993.0,52747.0,107370.0,15184.0,-19718.0,-19720.0,26842.0,1,2021-11-07,0,0
20000936,858.4,9045.29,9903.69,11146.0,102377.0,65908.0,205247.0,69446.0,172270.0,7249.0,1,2020-09-10,0,0
20000937,341.6,9677.19,10018.79,7003.0,51395.0,40814.0,2320.0,6451.0,6450.0,6122.0,1,2020-01-26,0,1
20000938,649.34,7255.19,7904.53,83247.0,531594.0,305558.0,1611933.0,637593.0,1200375.0,58056.0,1,2021-01-20,0,1
20000939,111.21,3115.04,3226.25,15403.0,82439.0,43420.0,10022.0,10207.0,38834.0,10855.0,1,2020-08-04,0,0
20000940,109.9,3499.92,3609.82,12792.0,66772.0,25004.0,6107.0,17265.0,30609.0,4250.0,0,2019-01-24,0,0
20000941,151.4,4852.67,5004.07,14126.0,56116.0,26579.0,5794.0,9328.0,26002.0,3986.0,1,2021-09-20,1,0
20000942,220.6,6320.83,6541.43,54509.0,358830.0,247033.0,128710.0,55242.0,185265.0,44465.0,1,2003-04-18,0,1
20000943,196.17,8106.2,8302.37,45701.0,216033.0,110668.0,24484.0,28831.0,101017.0,17706.0,1,2001-02-28,0,1
20000944,226.63,8008.26,8234.89,5630.0,36409.0,32364.0,1472.0,2759.0,2758.0,4531.0,1,2021-05-19,0,0
20000945,374.87,3536.47,3911.34,5634.0,127902.0,92566.0,532750.0,270792.0,297293.0,17587.0,1,2021-08-22,0,0
20000946,202.7,6894.7,7097.4,52768.0,358214.0,328973.0,102855.0,66049.0,66047.0,78953.0,1,2021-04-04,0,1
20000947,0.07,32310.96,32311.03,13531.0,47917.0,37229.0,264043.0,100032.0,174698.0,3722.0,1,2018-10-14,0,0
20000948,99.68,3390.62,3490.3,9279.0,63429.0,52924.0,18912.0,14709.0,14707.0,13231.0,1,2013-02-09,0,0
20000949,0.02,13399.35,13399.37,17238.0,127616.0,68284.0,27838.0,31206.0,55963.0,8194.0,1,2017-11-29,0,0
20000950,196.97,5627.6,5824.57,17409.0,98035.0,47327.0,9224.0,14882.0,45048.0,7572.0,1,2020-09-15,0,0
20000951,151.85,4615.36,4767.21,14943.0,76144.0,34455.0,9161.0,15022.0,35828.0,4823.0,1,2021-02-12,0,0
20000952,191.45,3681.66,3873.11,16329.0,142477.0,88834.0,32393.0,23082.0,62953.0,21320.0,1,2018-12-03,0,0
20000953,566.32,4937.41,5503.73,13593.0,82744.0,55927.0,294740.0,110166.0,211391.0,5592.0,1,2020-10-29,0,0
20000954,397.77,5815.35,6213.12,5885.0,98800.0,95634.0,12957.0,8062.0,8060.0,11476.0,1,2021-10-29,0,0
20000955,0.01,1865454.49,1865454.5,85972.0,530098.0,244730.0,67397.0,101817.0,250948.0,58735.0,0,2021-06-16,1,2
20000956,339.59,12348.78,12688.37,20913.0,146021.0,119316.0,6109.0,16408.0,16406.0,11931.0,1,2012-09-07,0,1
20000957,201.67,6038.04,6239.71,51940.0,273223.0,117341.0,34114.0,60913.0,129081.0,15254.0,1,2021-05-21,0,1
20000958,132.99,4447.91,4580.9,6293.0,61726.0,66297.0,114513.0,53545.0,56396.0,11270.0,0,2020-08-02,0,0
20000959,194.53,2532.95,2727.48,5148.0,31564.0,21537.0,10991.0,5697.0,15320.0,5169.0,1,2019-04-05,0,0
20000960,182.76,5504.77,5687.53,4594.0,39065.0,52051.0,11532.0,-725.0,-727.0,9369.0,1,2003-04-14,0,0
20000961,113.27,4164.3,4277.57,9521.0,68292.0,56030.0,15708.0,13985.0,13984.0,12887.0,1,2021-02-24,0,0
20000962,74.36,6884.87,6959.23,117989.0,574493.0,304743.0,63889.0,110205.0,223434.0,39616.0,1,2018-12-26,0,1
20000963,0.02,999606.12,999606.14,106968.0,640386.0,729807.0,187157.0,48869.0,48867.0,124067.0,1,2001-01-08,0,3
20000964,153.29,6156.26,6309.55,18663.0,159254.0,219648.0,36630.0,-11880.0,-11882.0,46126.0,1,2018-02-19,0,1
20000965,139.22,1637.83,1777.05,5652.0,132048.0,88610.0,603188.0,315769.0,330856.0,9747.0,1,2018-09-05,1,0
20000966,81.66,2617.2,2698.86,6539.0,39991.0,48857.0,11135.0,1135.0,1133.0,11237.0,1,2021-07-18,0,0
20000967,171.3,5947.83,6119.13,49272.0,342057.0,293838.0,94262.0,71241.0,71239.0,67582.0,1,2021-04-12,0,1
20000968,446.65,6935.54,7382.19,24549.0,616306.0,444540.0,90791.0,57498.0,205058.0,62235.0,1,2021-11-21,0,1
20000969,259.97,3411.7,3671.67,1405.0,34658.0,24025.0,3680.0,3194.0,11118.0,4084.0,1,2021-01-21,0,0
20000970,0.03,13463.86,13463.89,6716.0,57983.0,44261.0,20052.0,5681.0,28092.0,5753.0,1,2020-11-11,0,0
20000971,226.61,1993.06,2219.67,0.0,311365.0,228617.0,499481.0,217348.0,364881.0,34292.0,1,2020-07-24,0,0
20000972,0.02,194292.8,194292.82,13984.0,104462.0,73507.0,4325.0,17641.0,17639.0,14701.0,1,2020-08-02,1,1
20000973,0.01,287309.19,287309.2,40442.0,217177.0,96228.0,21243.0,58744.0,83447.0,23094.0,0,2020-04-24,0,0
20000974,162.72,5352.6,5515.32,3057.0,20193.0,23598.0,6262.0,1429.0,1428.0,2359.0,1,2021-09-12,0,0
20000975,172.37,5764.78,5937.15,30579.0,220530.0,170724.0,61247.0,3977.0,107075.0,40973.0,1,2019-06-06,0,1
20000976,0.01,70489.58,70489.59,32023.0,151896.0,132514.0,34937.0,27160.0,27158.0,26502.0,1,2020-05-09,0,1
20000977,8056.41,106285.1,114341.51,30671.0,440049.0,424611.0,36689.0,26064.0,26062.0,67937.0,1,2020-08-17,0,3
20000978,90.19,2818.42,2908.61,7754.0,58934.0,50549.0,17747.0,13067.0,13065.0,9604.0,1,2003-01-08,0,0
20000979,144.15,4341.76,4485.91,7462.0,60192.0,51620.0,19217.0,13895.0,13894.0,10324.0,1,2020-09-13,0,0
20000980,1279.42,24049.2,25328.62,52163.0,308229.0,168602.0,92130.0,87627.0,144129.0,38778.0,1,2014-02-14,0,2
20000981,0.07,19087.82,19087.89,16659.0,112255.0,90991.0,30135.0,8682.0,42717.0,11828.0,0,2020-09-08,1,2
20000982,102.22,3561.81,3664.03,7505.0,39986.0,47301.0,9117.0,901.0,899.0,5203.0,1,2021-10-03,0,0
20000983,0.02,1949.22,1949.24,8676.0,57319.0,53410.0,15306.0,9609.0,9607.0,6943.0,1,2018-09-08,0,0
20000984,222.83,3276.89,3499.72,4459.0,73490.0,51328.0,9907.0,7883.0,24185.0,10265.0,1,2021-08-17,0,0
20000985,0.01,221352.72,221352.73,38172.0,267325.0,238516.0,64722.0,46766.0,46765.0,23851.0,1,2021-10-08,0,1
20000986,179.32,5433.9,5613.22,12484.0,64256.0,39735.0,7828.0,2073.0,30275.0,8741.0,1,2017-12-28,1,0
20000987,116.51,3746.17,3862.68,9946.0,70618.0,79679.0,18066.0,4503.0,4501.0,15139.0,0,2021-03-18,0,0
20000988,242.87,7039.66,7282.53,7041.0,49139.0,59458.0,13226.0,1454.0,1452.0,13675.0,1,2020-06-20,0,0
20000989,0.06,38357.72,38357.78,9393.0,90496.0,56888.0,171357.0,58327.0,146638.0,12515.0,1,2020-04-24,0,0
20000990,379.85,6629.14,7008.99,40784.0,277364.0,186801.0,83937.0,44432.0,130068.0,26152.0,1,2021-05-26,0,1
20000991,697.26,4515.95,5213.21,5097.0,40893.0,33332.0,13465.0,4719.0,16307.0,3666.0,1,2021-09-09,0,0
20000992,0.02,204823.73,204823.75,31971.0,217373.0,140741.0,69899.0,43113.0,103418.0,35185.0,0,2018-07-14,0,1
20000993,0.01,19391.68,19391.69,9417.0,54886.0,44490.0,16000.0,13199.0,13197.0,8453.0,1,2021-07-05,0,0
20000994,0.0,872489.87,872489.87,53324.0,228445.0,139933.0,20965.0,22183.0,87293.0,32184.0,1,2020-05-30,0,1
20000995,288.17,5211.02,5499.19,13458.0,109838.0,90973.0,25851.0,22358.0,22357.0,14555.0,1,2020-04-05,1,0
20000996,0.01,193.69,193.7,9824.0,65569.0,53486.0,21744.0,648.0,33179.0,7488.0,1,2020-08-12,0,0
20000997,148.83,2289.74,2438.57,6964.0,51627.0,42504.0,12958.0,11041.0,11039.0,6375.0,1,2016-08-21,0,0
20000998,203.34,7503.36,7706.7,16693.0,101319.0,48613.0,9074.0,15414.0,46365.0,7778.0,1,2019-12-17,0,0
20000999,0.01,642420.71,642420.72,16079.0,96285.0,71478.0,12980.0,18895.0,18893.0,8577.0,1,2016-12-05,0,0
