company_reg_number,number_of_accounts,current_acc_fraction,total_amount,pay_in_amount,pay_out_amount,rev_ratio,cost_ratio
20000000,1,0.811,1072364.031723414,438374.69600000005,431312.5337276888,0.5040601736066209,0.4959398263933791
20000001,1,0.783,451817.8335428967,181101.636,172671.7276640881,0.5119142778989944,0.4880857221010056
20000002,1,0.836,400981.6193492292,169933.71999999997,165286.9137759556,0.5069309668854545,0.4930690331145456
20000003,1,0.899,229387.17145590004,106795.806,99423.26113885414,0.5178755169525175,0.4821244830474825
20000004,1,0.477,774445.9831614321,186669.657,182741.0769680031,0.5053173604212827,0.4946826395787173
20000005,1,0.574,238813.50499148943,70379.862,66699.08986511495,0.5134257378131506,0.4865742621868494
20000006,1,0.691,288411.436,101472.659,97819.64327599996,0.5091649694501018,0.4908350305498981
20000007,1,0.778,735989.1105081083,288871.4,283728.1279753082,0.5044911598537971,0.4955088401462028
20000008,1,0.564,438190.0676401972,125165.13599999998,121974.06214907124,0.5064560253388132,0.4935439746611869
20000010,1,0.683,349703.319,124205.59900000002,114641.767877,0.5200208008320333,0.4799791991679667
20000011,1,0.704,431338.4202197896,154287.232,149375.01583473186,0.5080882892099606,0.4919117107900392
20000012,1,0.853,415458.2273813423,180982.716,173403.15195628503,0.5106939422943496,0.4893060577056505
20000013,1,0.52,568497.4869537982,150988.24,144630.45321597508,0.5107533571623294,0.4892466428376706
20000014,1,0.645,238436.7098411395,79939.36499999999,73852.31284753497,0.5197899269897411,0.4802100730102587
20000015,4,0.742,2873578.347536538,349204.1737757431,347609.16038488003,0.5011445055028865,0.4988554944971134
20000015,4,0.742,2873578.347536538,2354966.529199089,2344210.0622631605,0.5011445055028865,0.4988554944971134
20000015,4,0.742,2873578.347536538,-2597256.9298802423,-2585393.785353993,0.5011445055028865,0.4988554944971134
20000015,4,0.742,2873578.347536538,961624.1029054103,957231.820578064,0.5011445055028865,0.4988554944971134
20000016,1,0.81,306039.5816723082,127474.56,120417.50115456966,0.5142341364474556,0.4857658635525443
20000017,1,0.515,456432.2707277002,119600.51,115462.1094247656,0.5088027619733024,0.4911972380266975
20000018,1,0.466,412518.72884468734,98358.154,93875.57364162429,0.5116591932471196,0.4883408067528803
20000019,1,0.656,800728.128,235656.192,289621.459968,0.4486316733961417,0.5513683266038583
20000020,1,0.606,429738.85842090845,131789.85,128631.89820307052,0.5060631491392704,0.4939368508607296
20000021,1,0.889,411758.7355721077,186929.14100000003,179124.37492360375,0.5106606899495334,0.4893393100504666
20000022,1,0.48,377850.83725087775,92751.36,88617.04188042134,0.5113975700196788,0.4886024299803213
20000023,2,0.758,1206551.687,58158.53665652405,110094.1098908,0.3456619426201175,0.6543380573798825
20000023,2,0.758,1206551.687,257972.185343476,488341.3468552,0.3456619426201175,0.6543380573798825
20000024,1,0.619,324018.02667714143,101824.262,98742.89651315055,0.507681630207289,0.492318369792711
20000025,1,0.794,248926.8083007445,101431.118,96216.76779079116,0.5131910093253621,0.4868089906746379
20000026,1,0.541,456759.348920965,125629.397,121477.41076624204,0.5084011975859557,0.4915988024140442
20000027,3,0.683,2201805.425792668,-460795.8353606191,-454899.1971663993,0.5032197609382826,0.4967802390617173
20000027,3,0.683,2201805.425792668,195108.1359049398,192611.40742370312,0.5032197609382826,0.4967802390617173
20000027,3,0.683,2201805.425792668,1022446.2354556792,1009362.3595590884,0.5032197609382826,0.4967802390617173
20000028,1,0.823,321616.69415108574,135218.077,129472.46228634357,0.5108534568880847,0.4891465431119153
20000029,1,0.77,997684.88,273386.96,494830.3976,0.3558718861209964,0.6441281138790036
20000030,1,0.597,402052.0420464461,122208.288,117816.78110172832,0.5091480171523468,0.4908519828476532
20000031,1,0.554,372333.3821393211,105627.856,100644.83770518392,0.5120787153289861,0.487921284671014
20000032,1,0.452,353330.66472962126,82086.816,77618.64445778879,0.5139887876388302,0.4860112123611697
20000033,1,0.822,325447.21623849694,136027.02599999998,131490.58574804448,0.5084787693459002,0.4915212306540997
20000034,3,0.634,2727281.1088985773,705406.664114984,700200.7879190834,0.5018518243441179,0.498148175655882
20000034,3,0.634,2727281.1088985773,-37663.165529136335,-37385.21270154802,0.5018518243441179,0.498148175655882
20000034,3,0.634,2727281.1088985773,200006.59541415225,198530.5538241625,0.5018518243441179,0.498148175655882
20000035,1,0.616,692105.6527642302,216051.528,210285.55410276575,0.5067622242343963,0.4932377757656037
20000036,1,0.657,243867.84224821377,83142.03600000001,77079.13635707645,0.518920407190042,0.4810795928099581
20000037,1,0.878,149322.02936122607,68502.438,62602.30377915648,0.5225016049792546,0.4774983950207453
20000038,1,0.492,375709.0029332766,94115.664,90733.16544317208,0.5091493642859876,0.4908506357140124
20000039,1,0.697,737984.0305270554,258995.442,255379.4272773576,0.503514960526476,0.4964850394735239
20000040,1,0.477,332765.2192522844,81299.40299999999,77429.60658333964,0.5121899469631244,0.4878100530368755
20000041,1,0.604,401787.37999062415,123705.84399999998,118973.733514337,0.509749708925102,0.490250291074898
20000042,1,0.717,475776.5138580415,173337.618,167794.14243621574,0.5081251237889659,0.491874876211034
20000043,2,0.791,841129.9416270981,320467.2058030461,314089.382151801,0.5050254175689836,0.4949745824310164
20000043,2,0.791,841129.9416270981,15543.266196953862,15233.929675233583,0.5050254175689836,0.4949745824310164
20000044,1,0.565,565391.2095627668,162366.31,157079.72340296325,0.5082746161232937,0.4917253838767063
20000045,1,0.893,236446.1320273961,109085.308,102061.0879004647,0.5166335306590943,0.4833664693409056
20000046,1,0.566,354100.90670729155,102459.01799999998,97962.095196327,0.5112186853269992,0.4887813146730007
20000047,2,0.848,1820159.0435102556,6294537.167147407,6218346.16503346,0.503044502217886,0.4969554977821139
20000047,2,0.848,1820159.0435102556,-5518090.559147407,-5451297.904136763,0.503044502217886,0.4969554977821139
20000048,1,0.808,640198.6855751205,261284.5760000001,255995.9619446974,0.5051119399120599,0.4948880600879401
20000049,4,0.682,2514170.6669152626,-613292.9519995709,-609609.2538890453,0.5015061294733085,0.4984938705266915
20000049,4,0.682,2514170.6669152626,413871.634298393,411385.74537321547,0.5015061294733085,0.4984938705266915
20000049,4,0.682,2514170.6669152626,551555.5594627586,548242.6823693262,0.5015061294733085,0.4984938705266915
20000049,4,0.682,2514170.6669152626,507780.4622384196,504730.5169827127,0.5015061294733085,0.4984938705266915
20000050,1,0.47,389659.1864408463,93816.69999999998,89323.11762719776,0.5122681742043378,0.4877318257956622
20000051,2,0.869,1541157.4321111245,-334403.0120397923,-330587.55225113896,0.5028688074639989,0.497131192536001
20000051,2,0.869,1541157.4321111245,1007878.0120397924,996378.360755706,0.5028688074639989,0.497131192536001
20000052,1,0.54,768556.2549418788,209128.50000000003,205891.8776686146,0.5038993535083353,0.4961006464916647
20000053,3,0.706,3435376.7520000003,-1075145.3772760802,-1442845.0963045,0.4269854824935952,0.5730145175064049
20000053,3,0.706,3435376.7520000003,12909009.810940417,17323891.16628204,0.4269854824935952,0.5730145175064049
20000053,3,0.706,3435376.7520000003,-10798264.097664336,-14491270.419065544,0.4269854824935952,0.5730145175064049
20000054,1,0.779,282500.626,139548.502,80519.48565399999,0.6341154090044389,0.3658845909955611
20000055,1,0.526,323554.59098678187,86398.65599999999,83791.05885904728,0.5076608540742675,0.4923391459257325
20000056,1,0.833,404994.8376400397,170985.745,166374.95475415303,0.5068336208829407,0.4931663791170593
20000057,1,0.509,218540.384,77679.508,33557.54745599999,0.6983240223463687,0.3016759776536312
20000058,1,0.67,399932.157425793,136334.95,131619.59547528133,0.5087987955501089,0.4912012044498912
20000059,3,0.748,1232422.344,18520355.456207287,4148559.622190432,0.8169934640522876,0.1830065359477124
20000059,3,0.748,1232422.344,-6193451.397644297,-1387333.113072323,0.8169934640522876,0.1830065359477124
20000059,3,0.748,1232422.344,-11573757.070562985,-2592521.5838061087,0.8169934640522876,0.1830065359477124
20000060,1,0.9,357869.6328328006,164334.6,157748.06954952056,0.510224906636069,0.4897750933639309
20000061,1,0.504,733993.0119605123,187544.448,182388.0300280982,0.5069694042537003,0.4930305957462998
20000062,1,0.876,723535.603152855,321374.61600000004,312442.57236190094,0.5070462302081015,0.4929537697918986
20000063,1,0.615,557675.166,123459.405,219510.82209,0.3599712023038157,0.6400287976961843
20000064,1,0.744,241431.2032860983,92787.216,86837.59924485713,0.5165612327757515,0.4834387672242485
20000065,1,0.619,537374.64,260685.66,71949.24216000001,0.7836990595611285,0.2163009404388715
20000066,1,0.667,369769.4,189720.146,56916.043800000014,0.7692307692307692,0.2307692307692308
20000067,4,0.827,2213578.052,1880882.868159108,1406900.3853830127,0.5720823798627002,0.4279176201372998
20000067,4,0.827,2213578.052,2078672.1354752327,1554846.7573354745,0.5720823798627002,0.4279176201372998
20000067,4,0.827,2213578.052,-4318220.428986069,-3230028.88088158,0.5720823798627002,0.4279176201372998
20000067,4,0.827,2213578.052,1405936.048351728,1051640.1641670926,0.5720823798627002,0.4279176201372998
20000068,1,0.498,389091.1289127143,99142.836,94624.54619853172,0.51165905672617,0.48834094327383
20000069,2,0.481,958179.4635164704,402646.3142234853,393589.7562466796,0.5056871060685921,0.4943128939314078
20000069,2,0.481,958179.4635164704,-169583.05522348522,-165768.69329525737,0.5056871060685921,0.4943128939314078
20000070,1,0.721,241635.97046182683,90199.984,84019.55070297714,0.517737486521129,0.4822625134788709
20000071,1,0.599,349265.9984336864,106573.481,102636.85206177812,0.5094083042663562,0.4905916957336438
20000072,1,0.509,209910.044,69741.653,37102.559396,0.6527415143603134,0.3472584856396866
20000073,1,0.573,326605.56517318427,95252.082,91892.9068442346,0.5089747932245232,0.4910252067754769
20000074,3,0.793,1200026.142,1955995.9898458456,197555.5949744304,0.9082652134423252,0.0917347865576748
20000074,3,0.793,1200026.142,-1987676.5425031292,-200755.3307928161,0.9082652134423252,0.0917347865576748
20000074,3,0.793,1200026.142,896004.5586572839,90496.46042438567,0.9082652134423252,0.0917347865576748
20000075,1,0.513,351011.07583697827,92445.678,87623.00390436983,0.5133912073010879,0.486608792698912
20000076,3,0.721,5078807.236,-672983.9643121812,-2081539.4016175768,0.2443195699975568,0.7556804300024432
20000076,3,0.721,5078807.236,1835582.032212779,5677455.225634125,0.2443195699975568,0.7556804300024432
20000076,3,0.721,5078807.236,-267943.7759005976,-828750.0988605485,0.2443195699975568,0.7556804300024432
20000077,3,0.658,2949654.8415269474,-106994.57027968016,-106530.61201850676,0.5010864251611444,0.4989135748388556
20000077,3,0.658,2949654.8415269474,3087094.660732908,3073708.1583419237,0.5010864251611444,0.4989135748388556
20000077,3,0.658,2949654.8415269474,-2007555.034453228,-1998849.7165986856,0.5010864251611444,0.4989135748388556
20000078,2,0.897,1789288.7235603286,567263.48808916,560996.1460710828,0.5027774378468932,0.4972225621531067
20000078,2,0.897,1789288.7235603286,239690.26991084008,237042.08096253185,0.5027774378468932,0.4972225621531067
20000079,2,0.637,1455129.84,-150946.77127531517,-268685.252870061,0.3597122302158274,0.6402877697841727
20000079,2,0.637,1455129.84,484370.4072753152,862179.324950061,0.3597122302158274,0.6402877697841727
20000080,1,0.682,343149.4736100768,118996.042,115031.8990020724,0.508469379726527,0.4915306202734729
20000081,1,0.525,499077.1857882078,132311.55,129703.97253880912,0.5049759980552386,0.4950240019447614
20000082,1,0.622,346157.30518891965,109723.91,105585.933827508,0.509609352036424,0.4903906479635759
20000083,1,0.82,112527.954,67947.65999999999,24325.262280000006,0.7363770250368188,0.2636229749631812
20000084,1,0.563,203180.68116333385,58898.808,55491.91549495696,0.5148914719697233,0.4851085280302767
20000085,2,0.743,1751732.939331709,780859.7372980159,767860.6497670569,0.5041967186715973,0.4958032813284027
20000085,2,0.743,1751732.939331709,-124628.76329801598,-122554.04984359724,0.5041967186715973,0.4958032813284027
20000086,1,0.855,303959.1897134,133757.91,126127.19720495696,0.5146809351199665,0.4853190648800335
20000087,1,0.686,224391.4874020516,79755.732,74176.82835780736,0.5181212591709797,0.4818787408290201
20000088,1,0.579,1531519.257,560170.341,326579.308803,0.6317119393556538,0.3682880606443461
20000089,1,0.603,225000.38189744757,71148.573,64526.65728416087,0.5244035543627604,0.4755964456372395
20000090,3,0.584,2254592.378124129,-5522674.979533402,-5472310.199380498,0.502290352343971,0.497709647656029
20000090,3,0.584,2254592.378124129,1422865.16407754,1409889.1530970703,0.502290352343971,0.497709647656029
20000090,3,0.584,2254592.378124129,4761166.455455863,4717746.355107919,0.502290352343971,0.497709647656029
20000091,1,0.624,194126.78,85306.416,35828.69472,0.704225352112676,0.2957746478873239
20000092,1,0.817,260946.192,120584.298,92608.740864,0.5656108597285068,0.4343891402714932
20000093,1,0.599,331010.3281140564,100421.751,97853.43554031978,0.5064766436599921,0.493523356340008
20000094,1,0.892,243901.094839902,112226.98,105332.7965971926,0.5158443428988527,0.4841556571011473
20000095,1,0.544,405442.4831888254,113134.04800000002,107426.66285472104,0.5129383540775726,0.4870616459224273
20000096,1,0.609,480059.464,170271.528,122084.68557600002,0.5824111822947,0.4175888177053
20000097,4,0.776,2919047.2971285367,-11861.81520617797,-11512.174311960804,0.5074792729316884,0.4925207270683116
20000097,4,0.776,2919047.2971285367,588245.7398911786,570906.5078309904,0.5074792729316884,0.4925207270683116
20000097,4,0.776,2919047.2971285367,-38416.514635547945,-37284.14287824017,0.5074792729316884,0.4925207270683116
20000097,4,0.776,2919047.2971285367,611564.8459505474,593538.2559309553,0.5074792729316884,0.4925207270683116
20000098,1,0.625,96087.13600148149,32288.125,27766.33500092592,0.5376474120240559,0.4623525879759441
20000099,1,0.725,635781.3759480149,232708.325,228233.1725623108,0.5048543605439693,0.4951456394560306
20000100,4,0.498,2282767.371069886,676366.1126787278,670929.9721182272,0.5020174260958088,0.4979825739041912
20000100,4,0.498,2282767.371069886,156992.45880619288,155730.66721579357,0.5020174260958088,0.4979825739041912
20000100,4,0.498,2282767.371069886,-482093.9613150753,-478219.2394921589,0.5020174260958088,0.4979825739041912
20000100,4,0.498,2282767.371069886,219437.91183015448,217674.22895094127,0.5020174260958088,0.4979825739041912
20000102,1,0.493,375020.1358618125,95069.627,89815.29997987357,0.5142097225175593,0.4857902774824407
20000103,1,0.813,560652.2239988795,233293.602,222516.65611108905,0.5118217456684404,0.4881782543315595
20000104,4,0.561,3804214.101578582,342896.8051761802,335153.86340618186,0.5057097073484103,0.4942902926515898
20000104,4,0.561,3804214.101578582,152300.97118320595,148861.8678332058,0.5057097073484103,0.4942902926515898
20000104,4,0.561,3804214.101578582,-230102.37752376104,-224906.44311023032,0.5057097073484103,0.4942902926515898
20000104,4,0.561,3804214.101578582,814172.109164375,795787.3148564274,0.5057097073484103,0.4942902926515898
20000105,1,0.603,1140513.0750000002,153339.88499999998,534389.499225,0.2229654403567446,0.7770345596432553
20000107,1,0.739,300873.3425436399,115057.866,107287.53413974989,0.5174735610796677,0.4825264389203323
20000108,1,0.732,415523.34089615126,154094.052,150069.03353598271,0.5066165466084166,0.4933834533915833
20000109,4,0.858,2413893.5790720787,1078780.3811747383,1067610.1038343702,0.5026021074493164,0.4973978925506835
20000109,4,0.858,2413893.5790720787,-403388.4660903161,-399211.5630609638,0.5026021074493164,0.4973978925506835
20000109,4,0.858,2413893.5790720787,184513.2520266936,182602.70171072744,0.5026021074493164,0.4973978925506835
20000109,4,0.858,2413893.5790720787,181044.456888884,179169.8243597097,0.5026021074493164,0.4973978925506835
20000110,1,0.755,782797.9953857305,297055.505,293956.98151622654,0.5026213688834545,0.4973786311165454
20000111,1,0.509,120724.08,61448.516,0.04072,0.9999993373318729,6.62668127187219e-07
20000112,4,0.855,2488007.112,42065.79749475682,45262.79810435835,0.4816955684007706,0.5183044315992293
20000112,4,0.855,2488007.112,385963.6164747234,415296.85132680245,0.4816955684007706,0.5183044315992293
20000112,4,0.855,2488007.112,226248.55286623223,243443.44288406597,0.4816955684007706,0.5183044315992293
20000112,4,0.855,2488007.112,370407.0431642875,398557.9784447734,0.4816955684007706,0.5183044315992293
20000113,1,0.765,85363.39,35203.77,30099.22335,0.5390835579514824,0.4609164420485175
20000114,1,0.839,363972.15,283540.05000000005,21832.58384999997,0.9285051067780874,0.0714948932219126
20000115,1,0.85,418856.2779923555,180109.05,175918.7862935022,0.5058847416962131,0.4941152583037869
20000116,1,0.9,656512.8400341597,298671.3,292190.25603074377,0.5054844014668971,0.4945155985331029
20000117,1,0.888,166253.28438865297,76629.072,71003.84453712385,0.5190513999005826,0.4809486000994174
20000118,1,0.514,518538.7484540745,135795.20200000002,130733.71470539428,0.5094951935369182,0.4905048064630818
20000119,1,0.87,270178.616,110406.48,124648.91591999998,0.4697040864255519,0.530295913574448
20000120,1,0.489,215208.60639301053,55089.273,50147.73552618214,0.5234781354155864,0.4765218645844135
20000121,1,0.661,684832.1263647866,228325.264,224348.771527124,0.5043922250458275,0.4956077749541724
20000122,1,0.622,1894606.7803735216,592820.7359999999,585624.6813923306,0.5030531980953318,0.4969468019046682
20000123,3,0.566,2116234.4949348387,2404200.8343174574,2373035.967182724,0.5032618089106392,0.4967381910893607
20000123,3,0.566,2116234.4949348387,-3340204.0490810666,-3296906.079166642,0.5032618089106392,0.4967381910893607
20000123,3,0.566,2116234.4949348387,1538804.5347636093,1518857.5161170373,0.5032618089106392,0.4967381910893607
20000124,1,0.831,361185.9872469846,153212.301,146933.2544022442,0.5104600026299587,0.4895399973700412
20000125,1,0.497,554539.683,144372.039,131234.18345099996,0.5238344683080147,0.4761655316919853
20000126,1,0.771,719875.7348696156,281621.628,273402.5635844737,0.5074042397972445,0.4925957602027556
20000127,1,0.638,282727.40982408304,91507.702,88872.38546776498,0.5073048986981614,0.4926951013018386
20000128,1,0.51,222326.1449553627,58851.45,54534.88392723497,0.5190347721954532,0.4809652278045467
20000129,1,0.605,259609.246,88188.43,68875.16383,0.5614823133071308,0.4385176866928691
20000130,1,0.807,686969.9246939956,279266.385,275118.3442280545,0.503741121060208,0.4962588789397921
20000131,4,0.556,2875344.47819104,5459580.718971002,4594883.196379491,0.5430006776030768,0.4569993223969232
20000131,4,0.556,2875344.47819104,-7913694.186814406,-6660310.069952224,0.5430006776030768,0.4569993223969232
20000131,4,0.556,2875344.47819104,15062623.435429066,12676979.95129002,0.5430006776030768,0.4569993223969232
20000131,4,0.556,2875344.47819104,-11740419.383585667,-9880952.13184307,0.5430006776030768,0.4569993223969232
20000132,2,0.536,1754948.846420917,-406241.739508638,-381827.8648266035,0.5154896690265248,0.4845103309734752
20000132,2,0.536,1754948.846420917,891138.427508638,837583.758508215,0.5154896690265248,0.4845103309734752
20000133,1,0.806,424723.8407925224,172816.878,169510.53767877308,0.5048292076091409,0.4951707923908591
20000134,3,0.563,2698795.3881560504,-581925.7893225673,-576103.6171087332,0.5025138274475155,0.4974861725524845
20000134,3,0.563,2698795.3881560504,1337410.981695867,1324030.1740413874,0.5025138274475155,0.4974861725524845
20000134,3,0.563,2698795.3881560504,8045.273626700647,7964.780599202077,0.5025138274475155,0.4974861725524845
20000135,1,0.728,450241.7133213117,166730.928,161045.0392979149,0.508673437453267,0.491326562546733
20000136,1,0.65,662812.92,217590.1,213238.29800000004,0.505050505050505,0.494949494949495
20000137,2,0.611,1751177.821366613,494253.6331993855,486914.8467761206,0.5037398197012241,0.4962601802987759
20000137,2,0.611,1751177.821366613,44732.68480061455,44068.48407888003,0.5037398197012241,0.4962601802987759
20000138,1,0.5,330412.6712250379,84416.5,80789.83561251896,0.5109761661804156,0.4890238338195844
20000139,1,0.805,216936.738953322,89837.195,84796.87985742418,0.5144310757986117,0.4855689242013883
20000140,1,0.534,422135.2486205356,114532.32,110887.90276336602,0.5080836075662557,0.4919163924337443
20000141,1,0.549,322887.20631798496,89936.63100000001,87328.44526857375,0.5073567388070129,0.492643261192987
20000142,1,0.832,163561.22427234775,70530.30399999999,65552.63459459333,0.5182891016934743,0.4817108983065257
20000143,1,0.838,522028.884,173388.90399999998,264071.300792,0.3963535473642489,0.6036464526357511
20000144,1,0.824,756357.109602244,315491.472,307746.786312249,0.5062132624116529,0.4937867375883472
20000145,2,0.863,1756871.1048677545,2423243.9593591946,2385925.9631527,0.5038798791483544,0.4961201208516455
20000145,2,0.863,1756871.1048677545,-1659271.4833591948,-1633718.6756518283,0.5038798791483544,0.4961201208516455
20000146,1,0.634,651338.0500194419,209457.116,203491.2077123261,0.5072235530998667,0.4927764469001332
20000147,1,0.667,574671.8632684697,194422.496,188883.63680006925,0.5072251116352732,0.4927748883647267
20000148,1,0.581,340771.186,73848.586,124139.473066,0.3729951510630362,0.6270048489369638
20000149,1,0.476,411492.70122458827,99942.864,95927.661782904,0.5102496335297182,0.4897503664702817
20000150,2,0.742,1163889.228,150870.34053587608,131408.066606748,0.5344735435595939,0.4655264564404061
20000150,2,0.742,1163889.228,310704.1154641239,270623.2845692518,0.5344735435595939,0.4655264564404061
20000151,3,0.552,2108904.434,380556.4311412231,253450.58314005457,0.6002400960384154,0.3997599039615846
20000151,3,0.552,2108904.434,169017.7583490768,112565.82706048511,0.6002400960384154,0.3997599039615846
20000151,3,0.552,2108904.434,149174.45850970017,99350.18936746028,0.6002400960384154,0.3997599039615846
20000152,1,0.817,464450.3653289452,191319.341,188136.60747374827,0.504193811612459,0.495806188387541
20000153,4,0.799,6584860.942130126,-1594461.0810477813,-1570657.0358227862,0.5037603723377835,0.4962396276622164
20000153,4,0.799,6584860.942130126,-6482762.871652749,-6385980.339664992,0.5037603723377835,0.4962396276622164
20000153,4,0.799,6584860.942130126,4750746.307364211,4679821.41537584,0.5037603723377835,0.4962396276622164
20000153,4,0.799,6584860.942130126,5976914.05333632,5887683.44487391,0.5037603723377835,0.4962396276622164
20000154,1,0.527,200750.59800000003,94969.089,10826.476146000015,0.8976660682226211,0.1023339317773789
20000155,4,0.473,4565522.234797715,547674.6616954857,545284.1290687558,0.5010936060201585,0.4989063939798415
20000155,4,0.473,4565522.234797715,-432684.7531508727,-430796.1373505842,0.5010936060201585,0.4989063939798415
20000155,4,0.473,4565522.234797715,1046949.479299093,1042379.6734200804,0.5010936060201585,0.4989063939798415
20000155,4,0.473,4565522.234797715,-79831.74584370582,-79483.29007893229,0.5010936060201585,0.4989063939798415
20000156,4,0.681,3345157.404565512,3320852.0188625227,3307424.504699275,0.5010128963476038,0.4989871036523962
20000156,4,0.681,3345157.404565512,1890014.6979525825,1882372.623273749,0.5010128963476038,0.4989871036523962
20000156,4,0.681,3345157.404565512,-4587837.361824401,-4569286.926332345,0.5010128963476038,0.4989871036523962
20000156,4,0.681,3345157.404565512,518304.1720092965,516208.4638684355,0.5010128963476038,0.4989871036523962
20000157,1,0.851,389558.9348577103,167726.994,163787.6595639114,0.5059414182657376,0.4940585817342623
20000158,1,0.591,726486.8441136421,217664.709,211689.0158711625,0.5069589394276603,0.4930410605723397
20000159,1,0.611,592004.4387074166,182568.022,179146.69005023153,0.5047293237402151,0.4952706762597848
20000160,2,0.55,2639357.504,1544530.716441357,2557742.8664268875,0.3765060240963855,0.6234939759036144
20000160,2,0.55,2639357.504,-997977.016441357,-1652649.9392268874,0.3765060240963855,0.6234939759036144
20000161,1,0.796,362559.9348549098,146661.40800000002,141936.30014450822,0.5081863225558358,0.4918136774441642
20000162,1,0.614,205894.4996438093,65775.364,60643.85878129893,0.5202955891746717,0.4797044108253283
20000163,1,0.855,729469.4322055464,315459.09,308237.2745357421,0.5057895282663973,0.4942104717336026
20000164,2,0.7,1162515.0631557212,239595.93840403872,233845.90921489013,0.5060725823224828,0.4939274176775172
20000164,2,0.7,1162515.0631557212,172225.9615959612,168092.73499411467,0.5060725823224828,0.4939274176775172
20000165,1,0.651,300461.8590374886,100455.159,95145.5112334051,0.5135726727323048,0.4864273272676954
20000166,2,0.638,831211.5663477243,43597.19011500841,42666.2353900742,0.5053959990545434,0.4946040009454565
20000166,2,0.638,831211.5663477243,224420.8678849916,219628.68593977383,0.5053959990545434,0.4946040009454565
20000167,1,0.551,287492.4749679294,81370.578,77037.77570732908,0.5136760536653138,0.486323946334686
20000168,1,0.696,498662.172,260562.216,86506.655712,0.7507507507507507,0.2492492492492493
20000169,1,0.837,565537.742,164245.347,309109.743054,0.3469812630117974,0.6530187369882026
20000170,1,0.843,735012.7873181473,312320.541,307295.23870919814,0.5040551761715626,0.4959448238284374
20000171,1,0.593,586280.50459375,177661.61399999997,170002.72522409368,0.5110147747580311,0.4889852252419687
20000172,3,0.517,6859577.273436832,33671246.437801056,33561406.14828839,0.5008168671418401,0.4991831328581598
20000172,3,0.517,6859577.273436832,-38834227.1245763,-38707544.47389856,0.5008168671418401,0.4991831328581598
20000172,3,0.517,6859577.273436832,6939078.350775244,6916442.111977011,0.5008168671418401,0.4991831328581598
20000173,1,0.884,590527.8048954704,266127.31600000005,255899.26352759587,0.5097964863031113,0.4902035136968888
20000174,1,0.846,705740.3439698201,301709.826,295346.5049984677,0.5053289117551862,0.4946710882448136
20000175,1,0.558,480980.913,209513.93400000004,58873.41545399998,0.7806401249024201,0.2193598750975799
20000176,1,0.864,370325.178,69165.792,250795.161792,0.2161694768698659,0.783830523130134
20000177,1,0.694,132181.02296614894,48491.862,43241.76793850736,0.5286159724901979,0.4713840275098021
20000178,1,0.548,634027.817,201652.49200000003,145794.75171600006,0.5803830528148578,0.4196169471851422
20000179,1,0.814,316685.6645711433,132550.13199999998,125231.9989609106,0.5141944148956529,0.4858055851043471
20000180,1,0.78,760479.4850965614,299505.96,293668.0383753179,0.5049209183483025,0.4950790816516975
20000181,3,0.567,3154249.8537263563,300854.37069170777,298607.5838988727,0.501874002825058,0.4981259971749421
20000181,3,0.567,3154249.8537263563,502666.9538161252,498913.02639126487,0.501874002825058,0.4981259971749421
20000181,3,0.567,3154249.8537263563,94060.08749216708,93357.64477270642,0.501874002825058,0.4981259971749421
20000182,1,0.589,304370.88,101860.482,77413.96631999999,0.5681818181818181,0.4318181818181818
20000183,1,0.684,271478.9789550839,96413.904,89277.71760527739,0.5192151544938628,0.4807848455061372
20000184,1,0.575,511236.0725090843,150282.0,143678.74169272347,0.5112315308997603,0.4887684691002397
20000185,4,0.742,2190349.98,-1037605.017443704,-661992.0011290831,0.6105006105006106,0.3894993894993895
20000185,4,0.742,2190349.98,101453.67190808304,64727.44267735697,0.6105006105006106,0.3894993894993895
20000185,4,0.742,2190349.98,806378.1859302315,514469.2826234877,0.6105006105006106,0.3894993894993895
20000185,4,0.742,2190349.98,1121982.9796053893,715825.1409882384,0.6105006105006106,0.3894993894993895
20000186,1,0.809,1708783.4341146916,707354.0040000001,675051.7941987856,0.5116833312777271,0.4883166687222728
20000187,4,0.653,2573408.22109446,112669.7352262132,97679.229189565,0.5356324693070934,0.4643675306929066
20000187,4,0.653,2573408.22109446,-297352.35034764576,-257790.1538629516,0.5356324693070934,0.4643675306929066
20000187,4,0.653,2573408.22109446,1075723.0683887475,932600.0449959356,0.5356324693070934,0.4643675306929066
20000187,4,0.653,2573408.22109446,9055.39973268513,7850.595052133283,0.5356324693070934,0.4643675306929066
20000188,3,0.825,1741347.926,871654.7777535651,81063.89433108154,0.9149130832570906,0.0850869167429094
20000188,3,0.825,1741347.926,-24669.96840623139,-2294.307061779519,0.9149130832570906,0.0850869167429094
20000188,3,0.825,1741347.926,467390.34065266623,43467.30168069795,0.9149130832570906,0.0850869167429094
20000189,1,0.572,314818.98941834545,92170.364,87906.09794729359,0.5118401539173801,0.4881598460826198
20000191,4,0.859,2229842.093356996,150406.71682879142,148531.1968015206,0.5031369724978917,0.4968630275021083
20000191,4,0.859,2229842.093356996,932369.5128103378,920743.18566909,0.5031369724978917,0.4968630275021083
20000191,4,0.859,2229842.093356996,-218198.26960101465,-215477.4122272155,0.5031369724978917,0.4968630275021083
20000191,4,0.859,2229842.093356996,99147.8839618854,97911.54395026404,0.5031369724978917,0.4968630275021083
20000192,4,0.543,2692793.253244025,2798321.268750621,2775398.034781158,0.5020563678148393,0.4979436321851607
20000192,4,0.543,2692793.253244025,-2083472.3049518904,-2066404.956878368,0.5020563678148393,0.4979436321851607
20000192,4,0.543,2692793.253244025,688403.1870376124,682763.9391435232,0.5020563678148393,0.4979436321851607
20000192,4,0.543,2692793.253244025,-669151.9888363428,-663670.4425348077,0.5020563678148393,0.4979436321851607
20000193,1,0.476,291735.19395564776,71370.488,67495.46432288834,0.5139523893808813,0.4860476106191187
20000194,1,0.605,718189.2782670942,218924.695,215579.818351592,0.5038490700851495,0.4961509299148506
20000195,1,0.475,300128.114,61607.975,80952.87915,0.4321521175453759,0.567847882454624
20000196,1,0.722,337248.9935195178,125515.368,117978.40532109184,0.5154767051660275,0.4845232948339724
20000197,1,0.854,229059.315,165077.346,30539.30901,0.8438818565400844,0.1561181434599156
20000198,1,0.88,647329.1514501947,289050.96,280598.6932761713,0.5074188289900802,0.4925811710099199
20000199,2,0.676,733199.351,514814.52462977415,371181.27225806727,0.5810575246949448,0.4189424753050552
20000199,2,0.676,733199.351,-226817.56862977424,-163535.46698206724,0.5810575246949448,0.4189424753050552
20000200,1,0.635,445709.815,190077.725,92948.007525,0.6715916722632639,0.328408327736736
20000201,3,0.562,3175273.904250705,162909.90941064322,161670.5691461368,0.5019091417173593,0.4980908582826406
20000201,3,0.562,3175273.904250705,370671.2867415259,367851.3978089429,0.5019091417173593,0.4980908582826406
20000201,3,0.562,3175273.904250705,362077.641847831,359323.1292338167,0.5019091417173593,0.4980908582826406
20000202,1,0.668,165385.812,89965.572,20512.150416000004,0.8143322475570033,0.1856677524429967
20000203,1,0.875,240283.58491884184,109714.5,100533.6368039866,0.5218333996571219,0.4781666003428779
20000204,1,0.874,1678409.427197563,737553.742,729376.0973706701,0.5027873332486161,0.4972126667513839
20000205,1,0.466,419439.75070295023,99498.456,95960.46782757482,0.5090504646785691,0.4909495353214309
20000206,1,0.714,310929.57096408366,113561.69999999998,108442.01366835572,0.5115306321841363,0.4884693678158636
20000207,4,0.809,2963959.618371592,-3210893.7565363767,-3196029.704237148,0.5011599992094673,0.4988400007905327
20000207,4,0.809,2963959.618371592,2854446.2348354924,2841232.269710187,0.5011599992094673,0.4988400007905327
20000207,4,0.809,2963959.618371592,-4672996.292072576,-4651363.791421293,0.5011599992094673,0.4988400007905327
20000207,4,0.809,2963959.618371592,6231146.975773459,6202301.395210872,0.5011599992094673,0.4988400007905327
20000208,1,0.54,384420.61481690686,105174.72,102412.4120011297,0.506653370014417,0.493346629985583
20000209,1,0.89,598859.52,317252.96,215732.0128,0.5952380952380952,0.4047619047619047
20000210,1,0.705,383476.3337992584,137912.805,132438.0103284771,0.5101253526179882,0.4898746473820117
20000211,1,0.537,412160.4339593485,113113.68,108216.47303617017,0.5110631265027625,0.4889368734972376
20000212,1,0.883,660107.9663209969,295160.41,287714.9242614403,0.5063868595057243,0.4936131404942758
20000213,1,0.545,1658882.9994105212,455413.445,448677.7896787341,0.5037250971267625,0.4962749028732374
20000214,1,0.88,270410.75566875545,123036.32,114925.1449885048,0.5170430431076036,0.4829569568923963
20000215,1,0.559,1542495.4195763897,434098.1580000001,428156.78154320194,0.5034452551005076,0.4965547448994925
20000216,1,0.545,732165.0240968785,201892.525,197137.4131327988,0.5059583397294098,0.4940416602705901
20000217,1,0.884,475828.14,247139.88,173492.19576000003,0.5875440658049353,0.4124559341950646
20000218,1,0.614,740333.799238776,231122.494,223442.45873260844,0.5084476764225038,0.4915523235774963
20000219,1,0.744,670745.9835092949,252940.656,246094.35573091535,0.5068595390184528,0.4931404609815471
20000220,1,0.463,347074.6676632182,82528.36099999999,78167.21012807004,0.5135696050653886,0.4864303949346114
20000221,1,0.857,1091857.476,460719.772,475002.084932,0.4923682914820285,0.5076317085179715
20000222,1,0.813,339254.67769247433,140399.409,135414.64396398165,0.5090364594959005,0.4909635405040995
20000223,2,0.784,1567295.0126706194,466784.6455970559,458105.7743082139,0.5046918375961397,0.4953081624038602
20000223,2,0.784,1567295.0126706194,153360.13840294414,150508.73162555174,0.5046918375961397,0.4953081624038602
20000224,1,0.776,387693.64867182303,153623.944,147226.32736933467,0.5106325591822575,0.4893674408177425
20000225,2,0.567,1264975.2325822134,186388.41097534963,183934.3474699141,0.5033134116786915,0.4966865883213086
20000225,2,0.567,1264975.2325822134,174608.58202465036,172309.61640420087,0.5033134116786915,0.4966865883213086
20000226,1,0.804,287338.09,120636.984,110382.84036000005,0.5221932114882506,0.4778067885117494
20000227,2,0.522,796135.851,112693.74210169433,103340.16150725372,0.5216484089723527,0.4783515910276474
20000227,2,0.522,796135.851,104094.42389830571,95454.58671474636,0.5216484089723527,0.4783515910276474
20000228,3,0.578,2349954.7407498443,3256198.0234713405,3218754.8287512115,0.5028913874413214,0.4971086125586786
20000228,3,0.578,2349954.7407498443,-3922646.2910017977,-3877539.5721126334,0.5028913874413214,0.4971086125586786
20000228,3,0.578,2349954.7407498443,1349512.483530456,1333994.3675148312,0.5028913874413214,0.4971086125586786
20000229,2,0.492,651846.516,542885.107225102,172094.57899035732,0.7593014426727411,0.2406985573272588
20000229,2,0.492,651846.516,-299370.6912251021,-94900.50911835734,0.7593014426727411,0.2406985573272588
20000230,1,0.733,382004.1684941405,141900.73699999996,138108.31850620496,0.5067719568692859,0.493228043130714
20000231,1,0.541,1609212.248376737,437001.406,433582.4203718148,0.5019636165551306,0.4980363834448694
20000232,1,0.457,404716.59151941177,93446.446,91509.0363243712,0.5052375026987063,0.4947624973012938
20000233,1,0.835,602718.12,316521.78,186747.8502,0.6289308176100629,0.3710691823899371
20000234,1,0.798,523851.7099234627,211251.348,206782.31651892327,0.505345300941516,0.494654699058484
20000235,1,0.843,574297.3702696515,243603.396,240529.28713731616,0.5031748619435923,0.4968251380564076
20000237,1,0.703,690856.3651745573,246933.671,238738.3537177138,0.5084370901196641,0.4915629098803358
20000238,4,0.514,3846422.716264105,356557.24034883507,354402.1788269105,0.5015156009357208,0.4984843990642791
20000238,4,0.514,3846422.716264105,191714.83731806715,190556.096946726,0.5015156009357208,0.4984843990642791
20000238,4,0.514,3846422.716264105,-181176.38244899045,-180081.3373725945,0.5015156009357208,0.4984843990642791
20000238,4,0.514,3846422.716264105,624431.3787820883,620657.2637587079,0.5015156009357208,0.4984843990642791
20000239,1,0.884,302947.0929872751,136846.73600000003,130958.4942007512,0.510993515314908,0.489006484685092
20000240,1,0.868,410922.46925473097,180445.916,176234.78731310647,0.5059032191085437,0.4940967808914561
20000241,1,0.587,824944.195,97491.895,386750.347465,0.201328769881216,0.7986712301187839
20000242,1,0.689,538662.8169999999,211234.309,159904.37191299992,0.5691519635742744,0.4308480364257256
20000243,1,0.706,423206.1481941127,151578.906,147204.63462504357,0.5073201344455013,0.4926798655544987
20000244,1,0.877,776049.6518440121,343836.62,336758.9246671986,0.5051996339002354,0.4948003660997647
20000245,2,0.767,886079.2324201736,-162926.58410716185,-96349.7893795378,0.6283896288587963,0.3716103711412037
20000245,2,0.767,886079.2324201736,589994.4851071618,348904.6596458109,0.6283896288587963,0.3716103711412037
20000246,1,0.565,169652.70290990308,50210.985,45642.79214409525,0.52382896632773,0.4761710336722701
20000247,1,0.776,342201.1430100176,138214.91199999998,127333.17497577364,0.5204892024419274,0.4795107975580726
20000248,1,0.841,163507.9720128128,71845.78899999999,65664.41546277555,0.5224760539095037,0.4775239460904962
20000249,2,0.662,1187009.492,-876285.786029261,-257628.02109260284,0.7727975270479134,0.2272024729520866
20000249,2,0.662,1187009.492,1483550.302029261,436163.7887966029,0.7727975270479134,0.2272024729520866
20000250,3,0.749,7161761.539809164,-983979.3525272356,-979601.1897600552,0.5011148416560699,0.4988851583439302
20000250,3,0.749,7161761.539809164,965549.16385711,961253.0052149356,0.5011148416560699,0.4988851583439302
20000250,3,0.749,7161761.539809164,2706490.0736701256,2694447.692862184,0.5011148416560699,0.4988851583439302
20000252,1,0.676,223152.142,96761.288,54089.559992,0.6414368184733804,0.3585631815266196
20000253,3,0.749,2471505.8242991883,564796.8173062848,560709.1315521447,0.5018159325405104,0.4981840674594896
20000253,3,0.749,2471505.8242991883,-27043.29891586371,-26847.57453439401,0.5018159325405104,0.4981840674594896
20000253,3,0.749,2471505.8242991883,391186.9906095789,388355.7963823413,0.5018159325405104,0.4981840674594896
20000254,1,0.639,106943.39876914362,36344.403,31992.42881348278,0.5318420833321291,0.4681579166678709
20000255,1,0.503,426876.234633368,108983.501,105735.24502058409,0.5075639785524467,0.4924360214475532
20000256,1,0.537,364290.1265114313,99468.51,96155.2879366386,0.5084683512392355,0.4915316487607644
20000257,1,0.48,181085.814,77747.04,9174.150720000003,0.8944543828264758,0.1055456171735242
20000258,1,0.855,299548.92193553486,130083.11999999998,126031.20825488232,0.5079103574031306,0.4920896425968693
20000259,2,0.791,1921638.992618214,1115049.0220285258,1107566.8059342452,0.5016832004883945,0.4983167995116054
20000259,2,0.791,1921638.992618214,-352482.3080285258,-350117.07677323767,0.5016832004883945,0.4983167995116054
20000260,1,0.645,358474.5935077356,118607.76,112608.35281248944,0.5129735923559443,0.4870264076440557
20000261,2,0.536,1808918.4337097188,296906.595517794,293695.3371483421,0.5027186317821171,0.4972813682178829
20000261,2,0.536,1808918.4337097188,190519.47648220608,188458.87132006715,0.5027186317821171,0.4972813682178829
20000262,1,0.574,260707.374,149347.338,298.6946760000061,0.998003992015968,0.0019960079840319
20000263,1,0.8,164284.04700000002,107992.8,23434.437600000016,0.8216926869350861,0.1783073130649138
20000264,1,0.732,774342.722770639,284570.856,282248.0170681078,0.5020490133993943,0.4979509866006057
20000265,1,0.758,356762.61,116062.686,154363.37238,0.4291845493562232,0.5708154506437768
20000266,2,0.537,835529.762508201,129698.8522418372,127375.1956235151,0.5045194305641056,0.4954805694358943
20000266,2,0.537,835529.762508201,96668.66475816282,94936.7698433888,0.5045194305641056,0.4954805694358943
20000267,1,0.895,679614.7497599982,308945.945,299309.25603519846,0.5079215836941474,0.4920784163058526
20000268,1,0.476,365938.997534812,89205.25600000001,84981.7068265705,0.5121236087503136,0.4878763912496865
20000269,1,0.755,278769.6637803413,107831.365,102639.73115415763,0.5123333653425737,0.4876666346574262
20000270,1,0.729,638027.547859627,234974.196,230147.88638966816,0.5051882180969947,0.4948117819030054
20000271,1,0.479,486943.756,154672.453,78573.606124,0.6631299734748011,0.3368700265251989
20000272,1,0.705,786395.8287026563,279239.925,275169.1342353727,0.5036712881011014,0.4963287118988986
20000273,1,0.459,493836.3199755836,115767.144,110903.72686879286,0.5107279270436612,0.4892720729563387
20000274,3,0.799,1290234.12,514115.9191660815,30846.955149964942,0.9433962264150942,0.0566037735849057
20000274,3,0.799,1290234.12,502893.9069674589,30173.634418047583,0.9433962264150942,0.0566037735849057
20000274,3,0.799,1290234.12,-44465.42813354041,-2667.925688012429,0.9433962264150942,0.0566037735849057
20000275,1,0.712,391603.7408287297,141493.62399999998,137328.23947005556,0.5074696160446396,0.4925303839553605
20000276,1,0.5,316127.9,107162.0,50901.95000000001,0.6779661016949152,0.3220338983050848
20000277,1,0.717,735646.9318246649,265971.867,261486.98311828476,0.5042514064184433,0.4957485935815566
20000278,1,0.652,255738.04,91015.94,75725.26208000001,0.5458515283842794,0.4541484716157205
20000279,1,0.732,323695.93200000003,148462.044,88483.37822400001,0.6265664160401002,0.3734335839598998
20000280,1,0.73,550097.1070000001,229863.13000000003,171707.75811000005,0.5724098454493417,0.4275901545506583
20000281,1,0.643,501749.96,166301.662,156323.56227999995,0.5154639175257733,0.4845360824742267
20000282,1,0.642,1180753.278885502,392977.83,365065.7750444924,0.5184105866534349,0.4815894133465651
20000283,1,0.602,625204.9507516101,190640.758,185732.6223524693,0.5065203012536836,0.4934796987463164
20000284,3,0.832,2156092.5463584946,1847963.944931224,1825170.6127910712,0.5031027085697464,0.4968972914302536
20000284,3,0.832,2156092.5463584946,-462139.87276804267,-456439.7033225819,0.5031027085697464,0.4968972914302536
20000284,3,0.832,2156092.5463584946,-483323.7201631811,-477362.2628982214,0.5031027085697464,0.4968972914302536
20000285,1,0.894,312689.82300000003,115945.54200000002,163599.15976200002,0.4147656574035669,0.585234342596433
20000286,2,0.613,1750882.2903492143,25347.254483754477,25016.925243476337,0.5032794065352318,0.4967205934647682
20000286,2,0.613,1750882.2903492143,514817.9245162456,508108.73974059214,0.5032794065352318,0.4967205934647682
20000287,1,0.673,307842.037,91307.929,115869.76190100002,0.4407227853680035,0.5592772146319965
20000288,1,0.529,417372.3337657884,112626.745,108163.21956210204,0.5101080804255541,0.4898919195744458
20000289,1,0.691,588786.4922543844,206394.099,200457.3671477796,0.507295945014567,0.4927040549854329
20000290,1,0.451,349542.3,81680.61000000002,75962.9673,0.5181347150259068,0.4818652849740932
20000291,1,0.628,132997.95132157183,44647.032,38875.68142994712,0.5345495873699883,0.4654504126300118
20000293,2,0.513,1066632.636,281914.4389445561,247520.87739332023,0.5324813631522897,0.4675186368477103
20000293,2,0.513,1066632.636,9450.067055443897,8297.158874679739,0.5324813631522897,0.4675186368477103
20000294,1,0.588,295268.0185915382,89147.856,84469.73893182444,0.513472474002455,0.4865275259975449
20000295,1,0.605,686782.6627979173,208999.065,206504.44599273996,0.5030019228974743,0.4969980771025258
20000296,4,0.576,2484732.279247721,-2808481.298697748,-2783227.633869003,0.5022581347789461,0.4977418652210538
20000296,4,0.576,2484732.279247721,2448776.4478483303,2426757.2235497166,0.5022581347789461,0.4977418652210538
20000296,4,0.576,2484732.279247721,378774.5900301951,375368.6757566326,0.5022581347789461,0.4977418652210538
20000296,4,0.576,2484732.279247721,699765.0128192231,693472.7754093413,0.5022581347789461,0.4977418652210538
20000297,1,0.57,565167.7163630985,164286.54,157859.05832696613,0.5099760507460205,0.4900239492539796
20000298,1,0.677,373506.853,144741.923,108122.216481,0.5724098454493417,0.4275901545506583
20000299,1,0.513,293805.9504850685,78536.19600000001,72186.25659884013,0.5210650082043873,0.4789349917956128
20000300,3,0.663,2157148.080048639,672187.0452484216,562064.1926921085,0.5446111979357072,0.4553888020642929
20000300,3,0.663,2157148.080048639,-382020.87334817887,-319435.2751779436,0.5446111979357072,0.4553888020642929
20000300,3,0.663,2157148.080048639,488730.8690997573,408663.2185580828,0.5446111979357072,0.4553888020642929
20000301,3,0.872,3484323.7948914664,1949894.3179544264,1939782.3160765923,0.5012998512253388,0.4987001487746612
20000301,3,0.872,3484323.7948914664,-571603.9086163334,-568639.6147343094,0.5012998512253388,0.4987001487746612
20000301,3,0.872,3484323.7948914664,144824.14266190687,144073.09580307544,0.5012998512253388,0.4987001487746612
20000303,1,0.848,592848.6726841085,255606.704,247128.970436124,0.5084316013314399,0.49156839866856
20000304,1,0.642,376071.13,190108.398,51329.26746000001,0.7874015748031497,0.2125984251968504
20000305,1,0.878,357239.2373795421,159326.27,154329.78041923797,0.5079649182186724,0.4920350817813276
20000306,1,0.596,719518.109739271,216153.704,212679.08940460547,0.5040512463701863,0.4959487536298137
20000307,1,0.575,1508804.776649437,438424.85,429137.8965734262,0.5053523237732683,0.4946476762267317
20000308,1,0.818,296416.60299584,125230.074,117238.70725059709,0.5164791663243931,0.483520833675607
20000309,1,0.844,311998.2968688055,134116.664,129209.8985572718,0.5093168827995865,0.4906831172004134
20000310,1,0.556,682867.0240000001,204345.568,175328.49734400006,0.5382131324004304,0.4617868675995695
20000311,1,0.658,204748.92,95549.496,39175.29335999999,0.7092198581560284,0.2907801418439715
20000312,1,0.815,633804.4642311546,259797.55,256753.088348391,0.5029469150027026,0.4970530849972974
20000313,3,0.831,2066995.509617425,20354586.04689103,19426089.39329094,0.5116701971915518,0.4883298028084482
20000313,3,0.831,2066995.509617425,-541579.5676172631,-516874.8246648698,0.5116701971915518,0.4883298028084482
20000313,3,0.831,2066995.509617425,-18934124.25927377,-18070423.520133995,0.5116701971915518,0.4883298028084482
20000314,1,0.671,352141.6531385253,120527.033,115760.01625595053,0.5100873424063241,0.4899126575936759
20000316,1,0.475,175980.06484699913,43117.175,40473.35580232459,0.5158141070064953,0.4841858929935047
20000317,1,0.899,368989.5554646994,169124.37499999997,162597.23536276477,0.5098382791975736,0.4901617208024264
20000318,1,0.895,372857.8745296092,172020.79,161687.00770400025,0.5154832796343073,0.4845167203656927
20000319,1,0.681,780676.585605186,268793.424,262847.3307971316,0.5055922097292347,0.4944077902707652
20000321,1,0.548,344707.6458810458,96625.004,92274.7859428131,0.5115146185670822,0.4884853814329177
20000322,1,0.813,300495.5832664062,124721.517,119581.39219558828,0.5105199827978647,0.4894800172021354
20000323,1,0.662,205708.9259525372,71368.23400000001,64811.07498057959,0.5240754600258528,0.4759245399741471
20000324,2,0.571,1427826.624,169932.67982919433,84456.54187510959,0.668002672010688,0.331997327989312
20000324,2,0.571,1427826.624,374682.5521708056,186217.2284288904,0.668002672010688,0.331997327989312
20000325,1,0.893,277263.950291946,125946.934,121649.7736107078,0.5086777413778227,0.4913222586221773
20000327,1,0.557,1017206.064,493539.8760000001,73043.90164799996,0.8710801393728224,0.1289198606271776
20000328,3,0.79,3018722.9155378705,50093.45627056473,48517.589938290665,0.5079903134225776,0.4920096865774225
20000328,3,0.79,3018722.9155378705,584648.3363989011,566256.1610901183,0.5079903134225776,0.4920096865774225
20000328,3,0.79,3018722.9155378705,576708.9873305344,558566.5722465089,0.5079903134225776,0.4920096865774225
20000329,1,0.485,728923.8878964218,178489.21500000003,175038.8706297646,0.5048798730715964,0.4951201269284036
20000330,1,0.873,552792.352,341776.00800000003,140811.71529599995,0.708215297450425,0.291784702549575
20000331,3,0.544,2128683.3904499933,273136.10281449824,269932.158870509,0.5029498537937461,0.4970501462062539
20000331,3,0.544,2128683.3904499933,-74961.14739467124,-74081.8373666126,0.5029498537937461,0.4970501462062539
20000331,3,0.544,2128683.3904499933,384242.868580173,379735.61890090007,0.5029498537937461,0.4970501462062539
20000332,1,0.819,361677.6332954346,149991.65999999997,146222.3216689609,0.5063625260188622,0.4936374739811378
20000334,3,0.834,5121443.195099399,-33684293.485183485,-33133038.771178603,0.5041250877234207,0.4958749122765792
20000334,3,0.834,5121443.195099399,57844376.68013596,56897734.13477205,0.5041250877234207,0.4958749122765792
20000334,3,0.834,5121443.195099399,-22006821.96295247,-21646672.970880546,0.5041250877234207,0.4958749122765792
20000335,4,0.522,2199125.15028125,91332.69252477604,90112.3317436599,0.5033628940392179,0.4966371059607821
20000335,4,0.522,2199125.15028125,59744.003731549084,58945.72179059941,0.5033628940392179,0.4966371059607821
20000335,4,0.522,2199125.15028125,370862.47513427807,365907.1189816194,0.5033628940392179,0.4966371059607821
20000335,4,0.522,2199125.15028125,55892.90460939669,55146.07993093372,0.5033628940392179,0.4966371059607821
20000336,1,0.817,220981.34521049284,92666.591,87875.16803697265,0.513269569845185,0.486730430154815
20000337,1,0.547,228849.1160971251,65793.70700000001,59386.75950512744,0.5255908436585437,0.4744091563414563
20000338,1,0.63,544397.0641212745,173791.8,169178.35039640294,0.5067257305020055,0.4932742694979944
20000340,1,0.491,358366.4202865071,90057.25600000001,85900.656360675,0.5118113462008032,0.4881886537991969
20000341,1,0.865,561556.6587099584,246925.495,238821.01478411403,0.5083422938226442,0.4916577061773558
20000342,1,0.72,755669.0769468655,276275.52,267806.2154017432,0.5077831179096677,0.4922168820903322
20000343,1,0.651,524340.7427026473,173208.966,168136.85749942347,0.5074295745712927,0.4925704254287074
20000344,1,0.794,722339.8139913091,289636.114,283901.6983090995,0.5049991609688412,0.4950008390311587
20000345,1,0.654,788974.6220880131,260594.802,255394.60084556055,0.5050390580947608,0.4949609419052392
20000346,4,0.781,2635449.1543967584,927704.0349085168,918936.3733225012,0.5023739493479444,0.4976260506520557
20000346,4,0.781,2635449.1543967584,1029854.9649970424,1020121.8825957543,0.5023739493479444,0.4976260506520557
20000346,4,0.781,2635449.1543967584,-270705.71652454714,-268147.29700433766,0.5023739493479444,0.4976260506520557
20000346,4,0.781,2635449.1543967584,-652824.122381012,-646654.3303300495,0.5023739493479444,0.4976260506520557
20000347,1,0.744,478460.2207588409,179973.59999999998,176000.8042445776,0.5055801705235705,0.4944198294764294
20000348,1,0.699,639813.9056275662,226895.4,220334.52003366876,0.5073350190499747,0.4926649809500253
20000349,1,0.488,295999.7069349313,74939.23199999999,69508.62498424646,0.5187978109510679,0.481202189048932
20000350,1,0.655,1416979.7317024362,467585.505,460536.2192650957,0.5037976084120248,0.4962023915879751
20000351,1,0.608,341911.60386891686,104841.696,103040.55915230147,0.504332108208031,0.4956678917919691
20000352,1,0.575,317199.59319008485,92727.95,89661.81608429879,0.5084054439608308,0.4915945560391692
20000353,4,0.541,1935561.616,-320272.5754162837,-263264.0569921853,0.548847420417124,0.451152579582876
20000353,4,0.541,1935561.616,167717.7270817179,137863.9716611721,0.548847420417124,0.451152579582876
20000353,4,0.541,1935561.616,109016.95630561424,89611.93808321492,0.548847420417124,0.451152579582876
20000353,4,0.541,1935561.616,618257.3400289516,508207.5335037984,0.548847420417124,0.451152579582876
20000354,4,0.708,2843474.8743625763,-23268667.187006555,-23073077.941412013,0.5021102921896072,0.4978897078103927
20000354,4,0.708,2843474.8743625763,85897969.6532885,85175937.79183441,0.5021102921896072,0.4978897078103927
20000354,4,0.708,2843474.8743625763,-30392429.285951,-30136959.89150523,0.5021102921896072,0.4978897078103927
20000354,4,0.708,2843474.8743625763,-31226034.676330958,-30963558.251868483,0.5021102921896072,0.4978897078103927
20000355,1,0.746,202146.2594918736,79236.39000000001,71564.71958093767,0.5254363858474954,0.4745636141525045
20000356,1,0.762,787598.748335577,302426.37,297723.8762317096,0.503917763758173,0.496082236241827
20000357,3,0.666,2579902.918,535901.9327965851,680059.5527188666,0.4407227853680035,0.5592772146319965
20000357,3,0.666,2579902.918,216588.12825845712,274850.3347599821,0.4407227853680035,0.5592772146319965
20000357,3,0.666,2579902.918,4766.5909449578,6048.803909151449,0.4407227853680035,0.5592772146319965
20000358,1,0.774,418314.3,282773.16000000003,41002.10819999999,0.8733624454148472,0.1266375545851528
20000359,1,0.764,380758.88790920906,147973.812,142925.97836263574,0.5086762414491115,0.4913237585508885
20000360,1,0.557,461268.992,203264.89600000004,53661.932544000025,0.7911392405063291,0.2088607594936709
20000361,2,0.705,1295637.605566416,183274.65662561348,170887.43584201322,0.5174880669713863,0.4825119330286138
20000361,2,0.705,1295637.605566416,289411.6283743865,269850.79108231014,0.5174880669713863,0.4825119330286138
20000362,1,0.665,371667.482821562,125147.015,122011.86107633874,0.5063423858641697,0.4936576141358303
20000363,4,0.549,2258855.940307618,18327.57685862697,18171.423245894,0.5021391491860844,0.4978608508139155
20000363,4,0.549,2258855.940307618,874003.8215617503,866557.1822524713,0.5021391491860844,0.4978608508139155
20000363,4,0.549,2258855.940307618,396736.69155403686,393356.437406543,0.5021391491860844,0.4978608508139155
20000363,4,0.549,2258855.940307618,-666359.3499744141,-660681.871676026,0.5021391491860844,0.4978608508139155
20000364,1,0.822,352878.9789269445,148543.62,141522.90067794838,0.5121019125296548,0.4878980874703453
20000365,2,0.755,1230652.337122169,184162.8001549569,180029.87650834172,0.5056740894469387,0.4943259105530613
20000365,2,0.755,1230652.337122169,285680.4948450431,279269.3430188961,0.5056740894469387,0.4943259105530613
20000366,1,0.856,414548.29396109935,181224.616,173628.72363070102,0.5107028616064373,0.4892971383935626
20000367,2,0.522,986912.3103276512,221756.30752100836,217296.13061513932,0.5050793214186479,0.4949206785813522
20000367,2,0.522,986912.3103276512,38444.51047899168,37671.277375894526,0.5050793214186479,0.4949206785813522
20000368,1,0.578,524247.43,106470.48999999998,196544.52453999995,0.3513703443429374,0.6486296556570625
20000369,1,0.68,265465.28500000003,124924.84000000004,55591.55380000004,0.6920415224913494,0.3079584775086506
20000370,1,0.746,314770.5544897069,121195.906,113622.92764932134,0.5161251511068915,0.4838748488931085
20000371,1,0.569,311698.88744353794,90715.10099999998,86641.5659553731,0.5114840200668969,0.4885159799331032
20000372,1,0.544,277432.4655759844,76459.744,74463.51727333548,0.5066133832181415,0.4933866167818585
20000373,1,0.732,279921.48745798616,104616.70799999998,100285.82081924588,0.5105681643016095,0.4894318356983905
20000374,1,0.708,674116.7688274705,240782.304,236492.3683298491,0.5044942000056375,0.4955057999943625
20000375,1,0.859,764307.1277196927,332315.317,324224.505711216,0.506161706425798,0.4938382935742019
20000376,1,0.725,201326.702,78431.95000000001,67529.90895,0.5373455131649651,0.4626544868350349
20000377,1,0.677,289548.8244134261,100882.478,95142.07612788944,0.5146420480272216,0.4853579519727782
20000378,1,0.71,184023.48225608384,66698.82,63957.85240181952,0.5104891987060215,0.4895108012939785
20000379,1,0.679,599721.1760593477,205695.58100000003,201515.09754429708,0.5051330719894765,0.4948669280105234
20000380,1,0.872,154228.08227546717,70548.288,63938.59974420737,0.5245737274713509,0.4754262725286491
20000381,1,0.625,189029.18540521924,61090.625,57052.61587826202,0.5170894631454154,0.4829105368545846
20000382,3,0.683,3957340.291,-317777.54971296946,-11757.769339379847,0.9643201542912248,0.0356798457087752
20000382,3,0.683,3957340.291,1249322.631704643,46224.9373730717,0.9643201542912248,0.0356798457087752
20000382,3,0.683,3957340.291,1674880.5870083263,61970.58171930797,0.9643201542912248,0.0356798457087752
20000383,1,0.563,293758.335,103044.201,62341.741605,0.6230529595015576,0.3769470404984424
20000384,1,0.653,554082.845,131330.707,230485.390785,0.3629764065335753,0.6370235934664247
20000385,3,0.534,1577055.501,1015947.3977713262,39621.94851308168,0.9624639076034648,0.037536092396535
20000385,3,0.534,1577055.501,128341.7418432442,5005.327931886518,0.9624639076034648,0.037536092396535
20000385,3,0.534,1577055.501,-333752.4336145704,-13016.344910968228,0.9624639076034648,0.037536092396535
20000386,1,0.864,360812.8894402317,161814.24,149928.0964763602,0.5190640508728931,0.4809359491271068
20000387,2,0.829,1780750.5198174235,310070.9550150548,305018.4738666,0.5041071110241979,0.4958928889758022
20000387,2,0.829,1780750.5198174235,434113.2259849452,427039.52606204414,0.5041071110241979,0.4958928889758022
20000388,1,0.454,745469.7583304986,170073.394,168369.87628204632,0.5025166961017337,0.4974833038982662
20000389,2,0.54,1876737.8088670948,273440.672117296,270670.10578324314,0.5025459579616701,0.4974540420383298
20000389,2,0.54,1876737.8088670948,235858.707882704,233468.9310049881,0.5025459579616701,0.4974540420383298
20000390,1,0.747,795842.7691387532,301339.053,293155.4955466486,0.5068827859509878,0.4931172140490123
20000392,4,0.453,2994963.065328632,192123.1679506427,190603.36900763164,0.5019854893719804,0.4980145106280195
20000392,4,0.453,2994963.065328632,71798.0401954174,71230.07857598744,0.5019854893719804,0.4980145106280195
20000392,4,0.453,2994963.065328632,278177.02567680494,275976.4938299525,0.5019854893719804,0.4980145106280195
20000392,4,0.453,2994963.065328632,138954.6501771349,137855.44318029872,0.5019854893719804,0.4980145106280195
20000393,1,0.458,265405.72500000003,60325.47,61230.35205000002,0.4962779156327542,0.5037220843672457
20000394,1,0.741,226593.0679498502,86104.2,81801.26335083898,0.5128135695030066,0.4871864304969934
20000395,1,0.555,710927.939209406,199862.16,194702.84626122037,0.506537976831331,0.493462023168669
20000396,1,0.841,432358.0250629759,185057.004,178556.0950779627,0.5089393216835726,0.4910606783164274
20000397,4,0.73,2343517.20429603,-265499.6535159845,-264427.64216391486,0.5010114702156399,0.4989885297843601
20000397,4,0.73,2343517.20429603,108945.81667021032,108505.92475063792,0.5010114702156399,0.4989885297843601
20000397,4,0.73,2343517.20429603,386774.0976282992,385212.4148997036,0.5010114702156399,0.4989885297843601
20000397,4,0.73,2343517.20429603,626893.9092174751,624362.6916496753,0.5010114702156399,0.4989885297843601
20000398,1,0.7,369676.818301632,131165.99999999997,127607.77281114236,0.5068751696707967,0.4931248303292032
20000399,1,0.482,304587.75650687097,74615.528,72195.7706363118,0.5082410461121338,0.4917589538878661
20000400,1,0.583,591078.4406888279,174038.32599999997,170560.40492158665,0.5050463347167763,0.4949536652832236
20000401,1,0.823,431574.8463599135,181710.17,173475.92855420883,0.5115914466800767,0.4884085533199233
20000402,1,0.468,356177.0983622599,84847.46399999999,81843.41803353764,0.5090108286962509,0.4909891713037491
20000403,1,0.803,238093.57831620213,97717.873,93471.27038791032,0.5111057629550482,0.4888942370449518
20000404,2,0.73,1428774.1260000002,-1018553.36100946,-2022846.974964788,0.3348961821835231,0.665103817816477
20000404,2,0.73,1428774.1260000002,1367851.79100946,2716553.656944788,0.3348961821835231,0.665103817816477
20000405,2,0.849,1658473.8255738255,199174.81494852263,196599.8705483612,0.5032530433280854,0.4967469566719146
20000405,2,0.849,1658473.8255738255,509427.7530514774,502841.8393638169,0.5032530433280854,0.4967469566719146
20000406,1,0.567,155030.252,79334.07299999999,8568.079884000002,0.9025270758122744,0.0974729241877256
20000407,3,0.667,1583310.846,-589833.4384841162,-237113.04227061468,0.7132667617689016,0.2867332382310983
20000407,3,0.667,1583310.846,517757.15726995794,208138.37722252304,0.7132667617689016,0.2867332382310983
20000407,3,0.667,1583310.846,825334.7222141584,331784.5583300916,0.7132667617689016,0.2867332382310983
20000408,1,0.862,443200.7418507178,193818.976,188220.06347531875,0.5073276706647187,0.4926723293352812
20000409,1,0.801,235224.648,144489.987,43924.956048000015,0.7668711656441717,0.2331288343558282
20000410,3,0.642,2020452.740703479,284068.6230589136,281882.284574381,0.5019315619562087,0.4980684380437912
20000410,3,0.642,2020452.740703479,333603.4151449702,331035.83137859387,0.5019315619562087,0.4980684380437912
20000410,3,0.642,2020452.740703479,33398.77979611622,33141.72557865859,0.5019315619562087,0.4980684380437912
20000411,1,0.486,229838.93054830708,57771.79200000001,53929.92824647725,0.5171969766671697,0.4828030233328304
20000412,1,0.687,407327.69643297454,142742.799,137091.32844945355,0.5100978937094928,0.4899021062905073
20000413,1,0.701,139438.65000000002,65382.26999999999,32364.22365000001,0.668896321070234,0.331103678929766
20000414,1,0.821,516362.4728690531,213955.884,209977.70622549253,0.5046919822658915,0.4953080177341085
20000415,4,0.801,10668027.968,1993643.224990392,6363709.174169332,0.2385496183206106,0.7614503816793893
20000415,4,0.801,10668027.968,796562.2504826103,2542626.7035404923,0.2385496183206106,0.7614503816793893
20000415,4,0.801,10668027.968,-515816.0986997307,-1646484.9870495405,0.2385496183206106,0.7614503816793893
20000415,4,0.801,10668027.968,-235961.3227732717,-753188.5422922834,0.2385496183206106,0.7614503816793893
20000416,1,0.619,208998.192,120680.859,8689.021848000006,0.9328358208955224,0.0671641791044776
20000417,3,0.708,2071707.735,4196344.288821472,1405775.3367551926,0.7490636704119851,0.2509363295880149
20000417,3,0.708,2071707.735,-2752368.3795410623,-922043.4071462556,0.7490636704119851,0.2509363295880149
20000417,3,0.708,2071707.735,-345272.48128040973,-115666.28122893722,0.7490636704119851,0.2509363295880149
20000418,4,0.606,3363533.6522290152,319512.7240578152,317544.02385371394,0.5015451529322587,0.4984548470677413
20000418,4,0.606,3363533.6522290152,-45042.0899129582,-44764.55989637975,0.5015451529322587,0.4984548470677413
20000418,4,0.606,3363533.6522290152,183124.0137967565,181995.6822587853,0.5015451529322587,0.4984548470677413
20000418,4,0.606,3363533.6522290152,564705.5360583863,561226.0630346637,0.5015451529322587,0.4984548470677413
20000419,1,0.859,230913.6,150496.8,47857.9824,0.7587253414264036,0.2412746585735963
20000420,1,0.474,425818.5875259626,102436.614,99401.39648730628,0.5075189442894469,0.492481055710553
20000421,3,0.89,3023693.055,1137344.013634779,585732.167021911,0.6600660066006602,0.3399339933993399
20000421,3,0.89,3023693.055,-377281.9805155352,-194300.21996550055,0.6600660066006602,0.3399339933993399
20000421,3,0.89,3023693.055,1016232.896880756,523359.9418935893,0.6600660066006602,0.3399339933993399
20000422,1,0.557,375593.5519778683,106217.672,102987.93645167263,0.5077190462823405,0.4922809537176594
20000423,1,0.875,580709.142,265060.25,243060.24925,0.5216484089723527,0.4783515910276473
20000424,1,0.706,584494.8547068543,208748.668,203904.6994230392,0.5058692948602489,0.4941307051397512
20000425,1,0.633,380114.4878371031,123388.158,117224.31280088628,0.5128086569632014,0.4871913430367986
20000426,1,0.517,745197.6098964226,194002.18200000003,191264.9823164505,0.5035523396970593,0.4964476603029408
20000428,3,0.608,2580497.055195538,297775.97294140817,295561.0574650116,0.5018664901758108,0.4981335098241892
20000428,3,0.608,2580497.055195538,-62609.05077292925,-62143.35250268382,0.5018664901758108,0.4981335098241892
20000428,3,0.608,2580497.055195538,552232.5978315211,548124.9845965592,0.5018664901758108,0.4981335098241892
20000429,1,0.478,497050.9275152901,121353.68399999998,116236.65935230866,0.5107685871729719,0.4892314128270281
20000430,3,0.606,3227576.8855004963,-121967.91165955816,-121323.78899026677,0.5013237662188454,0.4986762337811545
20000430,3,0.606,3227576.8855004963,877235.3756882761,872602.622826504,0.5013237662188454,0.4986762337811545
20000430,3,0.606,3227576.8855004963,225277.5019712821,224087.79277706333,0.5013237662188454,0.4986762337811545
20000431,1,0.513,290058.19968196296,75688.02000000002,73111.83643684699,0.5086565391420468,0.4913434608579531
20000432,1,0.758,687128.7603230098,263214.742,257628.85832484145,0.50536234262231,0.49463765737769
20000433,2,0.759,796038.5785136771,184566.45699445205,181780.59563085609,0.5038022161549165,0.4961977838450835
20000433,2,0.759,796038.5785136771,119827.457005548,118018.7714610249,0.5038022161549165,0.4961977838450835
20000434,1,0.738,326078.325,138541.05,102104.75385,0.5757052389176741,0.4242947610823259
20000435,1,0.476,350204.51934221043,85191.14800000002,81506.20320689217,0.5110527994789023,0.4889472005210978
20000436,1,0.668,257983.425,120935.388,51397.53990000001,0.7017543859649122,0.2982456140350877
20000437,1,0.488,750105.7549943598,185011.536,181040.07243724755,0.5054247317471263,0.4945752682528735
20000438,3,0.864,2414583.9439624203,-105024.86058626886,-101823.84520993126,0.507737576515203,0.4922624234847971
20000438,3,0.864,2414583.9439624203,1199316.2101483685,1162762.677886143,0.507737576515203,0.4922624234847971
20000438,3,0.864,2414583.9439624203,-35048.949562099384,-33980.70509268059,0.507737576515203,0.4922624234847971
20000439,1,0.626,325157.744,110085.856,93462.891744,0.5408328826392644,0.4591671173607355
20000440,2,0.837,1329916.5993173514,731834.4249496566,719436.3029567384,0.5042714711164897,0.4957285288835104
20000440,2,0.837,1329916.5993173514,-170509.5819496565,-167620.95232811506,0.5042714711164897,0.4957285288835104
20000441,1,0.502,714661.152,162481.83800000002,196278.060304,0.4528985507246377,0.5471014492753623
20000442,1,0.835,767717.775,336859.87499999994,304184.467125,0.5254860746190225,0.4745139253809774
20000444,1,0.548,447210.1232569297,124830.564,120240.58354479748,0.509364587592596,0.490635412407404
20000445,1,0.885,369953.32,218856.075,108552.6132,0.6684491978609626,0.3315508021390374
20000446,1,0.703,443639.2723195434,159126.86199999996,152751.54644063898,0.5102208350863994,0.4897791649136006
20000447,1,0.693,348988.31402847427,123572.98799999998,118275.91362173266,0.5109512061926836,0.4890487938073163
20000448,1,0.547,483112.5096054082,133721.26100000003,130541.2817541583,0.506016704472567,0.4939832955274331
20000449,1,0.573,647009.9651012095,187680.993,183055.717002993,0.5062379525310153,0.4937620474689846
20000450,1,0.743,434293.14568794647,164580.444,158099.36324614423,0.5100425880521738,0.4899574119478262
20000451,1,0.704,576185.2138135962,205589.824,200044.5665247717,0.5068352901094683,0.4931647098905318
20000452,1,0.766,282670.222,196305.884,20219.506052000008,0.9066183136899364,0.0933816863100635
20000453,1,0.561,741044.1937902478,209698.43400000004,206027.35871632904,0.5044152604288568,0.4955847395711433
20000454,2,0.667,1051494.4734636054,696623.3609430199,679862.574607414,0.5060882519402218,0.4939117480597782
20000454,2,0.667,1051494.4734636054,-341679.97794301977,-333459.14380718913,0.5060882519402218,0.4939117480597782
20000455,1,0.819,282152.77763180865,118191.528,112891.59688045132,0.511467585792538,0.4885324142074621
20000456,1,0.724,436201.56,136418.976,179390.95343999998,0.4319654427645788,0.5680345572354212
20000457,1,0.757,320723.9541866104,125163.894,117624.1393192641,0.515527442966724,0.484472557033276
20000459,4,0.62,7841254.899941495,-687426.942153693,-648735.0382031654,0.5144787475318651,0.485521252468135
20000459,4,0.62,7841254.899941495,10103277.604948051,9534613.471052691,0.5144787475318651,0.485521252468135
20000459,4,0.62,7841254.899941495,1429570.3244623966,1349106.7954780222,0.5144787475318651,0.485521252468135
20000459,4,0.62,7841254.899941495,-8344242.407256757,-7874585.770363823,0.5144787475318651,0.485521252468135
20000460,3,0.87,2919698.583831958,72123.65266767898,71591.0943870126,0.5018528310127551,0.4981471689872449
20000460,3,0.87,2919698.583831958,1303041.5494808515,1293419.940735856,0.5018528310127551,0.4981471689872449
20000460,3,0.87,2919698.583831958,-100389.87214853044,-99648.59718906492,0.5018528310127551,0.4981471689872449
20000461,2,0.51,801770.9477925652,236696.3403988073,231450.05427624503,0.5056032537922286,0.4943967462077713
20000461,2,0.51,801770.9477925652,-29953.56039880733,-29289.650902036818,0.5056032537922286,0.4943967462077713
20000462,1,0.46,719616.0510000001,141644.58,189378.80346000005,0.4278990158322635,0.5721009841677365
20000463,1,0.592,358227.0468844139,108572.208,103498.20375557302,0.5119630178543604,0.4880369821456395
20000464,4,0.724,4412495.540520071,942942.052098064,870815.6843844159,0.5198831316506268,0.4801168683493731
20000464,4,0.724,4412495.540520071,-131338.36784104223,-121292.19438559406,0.5198831316506268,0.4801168683493731
20000464,4,0.724,4412495.540520071,-91434.0223624434,-84440.16319179982,0.5198831316506268,0.4801168683493731
20000464,4,0.724,4412495.540520071,940673.3061054214,868720.4765295093,0.5198831316506268,0.4801168683493731
20000465,1,0.701,440757.825,168376.69499999998,140594.540325,0.544959128065395,0.4550408719346049
20000466,1,0.717,244963.575,110256.675,65382.20827499998,0.6277463904582549,0.3722536095417451
20000467,1,0.597,703874.0800000001,230886.168,189326.65776000003,0.5494505494505494,0.4505494505494506
20000468,1,0.803,330425.6532770573,135519.901,129811.898581477,0.5107563481413208,0.4892436518586793
20000469,1,0.593,177000.7147089536,53818.90099999999,51142.52282240948,0.512749341996917,0.4872506580030829
20000470,4,0.641,2054313.6412076997,189511.02426027547,187055.0374515366,0.5032610304783898,0.4967389695216102
20000470,4,0.641,2054313.6412076997,264222.3345188308,260798.119116664,0.5032610304783898,0.4967389695216102
20000470,4,0.641,2054313.6412076997,-71264.70812035663,-70341.14610724736,0.5032610304783898,0.4967389695216102
20000470,4,0.641,2054313.6412076997,280233.0453412503,276601.3375531821,0.5032610304783898,0.4967389695216102
20000471,1,0.762,795444.1464314227,305543.712,300584.72758074413,0.5040907042925473,0.4959092957074527
20000472,1,0.685,547573.4718718524,190073.115,185014.71323221887,0.5067429564318592,0.4932570435681406
20000473,3,0.523,1728301.75,-400249.3939589989,-48430.17666903885,0.8920606601248885,0.1079393398751115
20000473,3,0.523,1728301.75,-32139092.408929065,-3888830.181480417,0.8920606601248885,0.1079393398751115
20000473,3,0.523,1728301.75,33345677.052888054,4034826.923399455,0.8920606601248885,0.1079393398751115
20000474,4,0.691,2713337.775001761,636918.1290014196,632723.5338287855,0.5016518815093401,0.4983481184906598
20000474,4,0.691,2713337.775001761,447728.2497937525,444779.6153151245,0.5016518815093401,0.4983481184906598
20000474,4,0.691,2713337.775001761,-176629.36327753018,-175466.12323016184,0.5016518815093401,0.4983481184906598
20000474,4,0.691,2713337.775001761,32538.32548235806,32324.035612468684,0.5016518815093401,0.4983481184906598
20000475,1,0.522,621103.6861586369,163201.734,161014.3901748085,0.5033732804479708,0.4966267195520292
20000476,1,0.495,260892.8,80713.71,48428.22600000001,0.625,0.375
20000477,1,0.598,96354.72,41572.96,16047.162559999992,0.7215007215007216,0.2784992784992784
20000478,1,0.798,384491.8202901536,155675.43600000002,151149.03659154256,0.5073762033553353,0.4926237966446646
20000480,1,0.847,756666.7266522199,325151.442,315745.2754744302,0.5073382857714083,0.4926617142285917
20000481,1,0.624,199569.21127705392,64889.136,59642.05183688165,0.5210673496907108,0.4789326503092891
20000482,1,0.669,290463.3824251592,99681.0,94639.00284243152,0.5129734383589344,0.4870265616410655
20000483,1,0.516,333437.5131911245,88013.60400000002,84040.15280662024,0.5115471212809545,0.4884528787190456
20000484,1,0.459,419815.3178164727,97757.361,94937.86987776095,0.5073159338438107,0.4926840661561893
20000485,1,0.654,276717.30454700603,93646.26,87326.85717374193,0.5174595070388028,0.4825404929611971
20000486,1,0.576,355282.4278770731,103749.696,100892.9824571941,0.5069797599512055,0.4930202400487945
20000487,1,0.482,382220.7151409271,93431.844,90798.54069792687,0.5071467670937962,0.4928532329062038
20000488,1,0.642,201430.601,120971.418,8347.027841999998,0.9354536950420954,0.0645463049579045
20000489,1,0.571,615627.7119152206,179620.612,171902.8115035909,0.5109776475483293,0.4890223524516706
20000490,4,0.797,2319546.970043912,-1453080.7015882551,-1439973.3182278515,0.5022653194981193,0.4977346805018807
20000490,4,0.797,2319546.970043912,1082306.6024714964,1072543.753418045,0.5022653194981193,0.4977346805018807
20000490,4,0.797,2319546.970043912,1984035.3413694447,1966138.529587764,0.5022653194981193,0.4977346805018807
20000490,4,0.797,2319546.970043912,-684733.9262526858,-678557.3456529585,0.5022653194981193,0.4977346805018807
20000491,1,0.883,656363.3236961688,292104.347,287464.4678237171,0.5040028716673569,0.4959971283326431
20000492,1,0.736,171223.5,109583.04,16437.456,0.8695652173913043,0.1304347826086956
20000493,1,0.641,313111.92740306887,102874.09,97830.65546536716,0.5125643131230874,0.4874356868769126
20000494,4,0.61,6630095.501099426,-1606713.891966092,-1582986.0897922935,0.5037194410617762,0.4962805589382237
20000494,4,0.61,6630095.501099426,185575.1730259672,182834.6160320021,0.5037194410617762,0.4962805589382237
20000494,4,0.61,6630095.501099426,4291894.346271897,4228512.047464131,0.5037194410617762,0.4962805589382237
20000494,4,0.61,6630095.501099426,-833533.7473317717,-821224.1980331896,0.5037194410617762,0.4962805589382237
20000495,1,0.501,306351.31983176054,78556.79999999999,74925.21123571203,0.5118306658058797,0.4881693341941203
20000496,1,0.649,650692.9519999999,232928.69600000005,189371.029848,0.5515719801434088,0.4484280198565912
20000497,3,0.743,2106932.991136881,5768.715862512581,5714.253090792736,0.5023714586332731,0.4976285413667269
20000497,3,0.743,2106932.991136881,1388956.8081746686,1375843.5886340905,0.5023714586332731,0.4976285413667269
20000497,3,0.743,2106932.991136881,-608287.5150371812,-602544.6383101807,0.5023714586332731,0.4976285413667269
20000498,1,0.607,407274.5797010339,125117.875,122097.79487852754,0.5061081891025686,0.4938918108974313
20000499,1,0.573,210457.22632563827,63255.189,57336.801684590726,0.5245388905258594,0.4754611094741405
20000500,4,0.666,3028826.5103571704,-271933.3476386804,-269373.8332005082,0.5023641977501612,0.4976358022498389
20000500,4,0.666,3028826.5103571704,722567.5607580548,715766.5482291597,0.5023641977501612,0.4976358022498389
20000500,4,0.666,3028826.5103571704,1115913.5717330195,1105410.274055833,0.5023641977501612,0.4976358022498389
20000500,4,0.666,3028826.5103571704,-553179.5008523944,-547972.8171866093,0.5023641977501612,0.4976358022498389
20000501,1,0.737,208904.566,125992.361,27970.304141999997,0.8183306055646482,0.1816693944353518
20000502,1,0.643,181572.7495248024,63030.71800000001,53720.55994444792,0.5398717608041173,0.4601282391958827
20000503,2,0.712,1871906.6662518876,189539.24630704636,187037.99418938044,0.5033210346360398,0.4966789653639601
20000503,2,0.712,1871906.6662518876,481285.79369295377,474934.5121819633,0.5033210346360398,0.4966789653639601
20000504,1,0.513,1031112.983,184886.739,344074.22127900005,0.3495281370150296,0.6504718629849703
20000505,4,0.592,4647263.817120466,-28620.713208728732,-28124.550837164257,0.5043718394821742,0.4956281605178257
20000505,4,0.592,4647263.817120466,426858.21002993,419458.29024925776,0.5043718394821742,0.4956281605178257
20000505,4,0.592,4647263.817120466,728169.9333346811,715546.5399765066,0.5043718394821742,0.4956281605178257
20000505,4,0.592,4647263.817120466,261210.37784411767,256682.0923467156,0.5043718394821742,0.4956281605178257
20000506,1,0.632,433211.4591890887,139724.456,134065.18620750407,0.5103350691919287,0.4896649308080713
20000507,2,0.583,1727697.309659687,206826.78199339192,204448.04241781365,0.5028919100251076,0.4971080899748923
20000507,2,0.583,1727697.309659687,299709.853006608,296262.854113784,0.5028919100251076,0.4971080899748923
20000508,4,0.819,2117980.908,548746.9890375655,479056.1214297947,0.5339028296849974,0.4660971703150026
20000508,4,0.819,2117980.908,28135.84055147368,24562.58880143652,0.5339028296849974,0.4660971703150026
20000508,4,0.819,2117980.908,-535046.9080528333,-467095.9507301234,0.5339028296849974,0.4660971703150026
20000508,4,0.819,2117980.908,884286.0024637941,771981.6801508921,0.5339028296849974,0.4660971703150026
20000509,4,0.665,2866290.592,-51723.09727242418,-65481.44114688901,0.4413062665489849,0.558693733451015
20000509,4,0.665,2866290.592,-14888.998568890394,-18849.47218821524,0.4413062665489849,0.558693733451015
20000509,4,0.665,2866290.592,267955.71011008305,339231.92899936513,0.4413062665489849,0.558693733451015
20000509,4,0.665,2866290.592,639822.8657312318,810015.7480157394,0.4413062665489849,0.558693733451015
20000510,4,0.783,4159854.36352096,-189302.19579909288,-184991.58090165956,0.505758330976579,0.494241669023421
20000510,4,0.783,4159854.36352096,495390.9819337365,484110.3956850484,0.505758330976579,0.494241669023421
20000510,4,0.783,4159854.36352096,705081.935359548,689026.4602413529,0.505758330976579,0.494241669023421
20000510,4,0.783,4159854.36352096,636168.1015058084,621681.8686121698,0.505758330976579,0.494241669023421
20000511,1,0.876,843606.144,595007.2320000001,143991.750144,0.8051529790660226,0.1948470209339774
20000512,1,0.836,377010.23434231896,159244.624,155935.93191017865,0.5052488835808201,0.49475111641918
20000513,1,0.53,376556.3108504654,100824.02,98750.82475074664,0.505194029467598,0.494805970532402
20000514,2,0.657,1608583.5243229235,50545.265157690366,49876.25125704963,0.5033310286705774,0.4966689713294225
20000514,2,0.657,1608583.5243229235,481394.7848423097,475023.07422311127,0.5033310286705774,0.4966689713294225
20000515,1,0.657,132699.26224870712,47106.9,40076.51529740058,0.540319507320385,0.459680492679615
20000516,1,0.499,656448.5320084668,165435.965,162131.8524722249,0.505043402238462,0.4949565977615379
20000517,3,0.649,4046592.5297083175,937655.4220134036,933047.5510277636,0.5012315880853466,0.4987684119146534
20000517,3,0.649,4046592.5297083175,133503.62422556555,132847.5543494635,0.5012315880853466,0.4987684119146534
20000517,3,0.649,4046592.5297083175,245194.67376103133,243989.7264034713,0.5012315880853466,0.4987684119146534
20000518,1,0.825,1615480.39538378,672540.825,660230.5011916184,0.5046183180739483,0.4953816819260517
20000519,1,0.514,694418.8747655787,180555.35,176375.95162950744,0.5058546257380794,0.4941453742619206
20000520,3,0.656,1519897.344,-372562.6517211952,-128161.55219209114,0.7440476190476191,0.255952380952381
20000520,3,0.656,1519897.344,-132749.96965430985,-45665.98956108258,0.7440476190476191,0.255952380952381
20000520,3,0.656,1519897.344,1247167.277375505,429025.5434171738,0.7440476190476191,0.255952380952381
20000521,1,0.579,399213.3129341438,117414.252,113730.25618886924,0.5079690316676712,0.4920309683323288
20000522,2,0.833,1181943.5944506926,2137049.5348221664,2088908.4790222985,0.505695874833843,0.4943041251661569
20000522,2,0.833,1181943.5944506926,-1639162.1028221662,-1602236.896844871,0.505695874833843,0.4943041251661569
20000523,3,0.564,3441640.977700236,187568.2106667694,183660.62259812964,0.5052630449449106,0.4947369550550894
20000523,3,0.564,3441640.977700236,-45507.30357713107,-44559.25488667422,0.5052630449449106,0.4947369550550894
20000523,3,0.564,3441640.977700236,838697.8689103615,821225.3677114773,0.5052630449449106,0.4947369550550894
20000524,4,0.508,1368307.386,311494.69379340525,31460.96407313392,0.9082652134423252,0.0917347865576748
20000524,4,0.508,1368307.386,82684.99714693341,8351.184711840271,0.9082652134423252,0.0917347865576748
20000524,4,0.508,1368307.386,-285865.58822968975,-28872.42441119865,0.9082652134423252,0.0917347865576748
20000524,4,0.508,1368307.386,523021.1852893512,52825.13971422445,0.9082652134423252,0.0917347865576748
20000525,1,0.705,285637.915,174956.32499999998,26418.40507499998,0.8688097306689836,0.1311902693310164
20000526,1,0.562,280715.8734782899,81861.48200000002,75900.83889479894,0.5188912126526581,0.4811087873473419
20000527,1,0.572,263322.04388627846,76750.388,73869.82110295129,0.509562351938709,0.4904376480612911
20000528,1,0.584,271699.914,141798.704,16874.04577599999,0.8936550491510278,0.1063449508489722
20000529,1,0.862,640094.2950844963,281690.394,270070.88836283574,0.510529468094794,0.489470531905206
20000530,1,0.468,387467.8003146658,92166.516,89168.41454726359,0.5082667510437405,0.4917332489562594
20000531,4,0.87,3337782.8580000005,41701.5489001498,55754.9708795003,0.4278990158322635,0.5721009841677365
20000531,4,0.87,3337782.8580000005,1020287.7140445716,1364124.6736775923,0.4278990158322635,0.5721009841677365
20000531,4,0.87,3337782.8580000005,122013.94400821472,163132.64313898314,0.4278990158322635,0.5721009841677365
20000531,4,0.87,3337782.8580000005,58560.37304706392,78295.21876392448,0.4278990158322635,0.5721009841677365
20000532,1,0.637,416814.5350055797,134582.17500000002,130928.6837985543,0.5068801163500015,0.4931198836499986
20000533,1,0.527,241409.235,102186.881,25035.78584500001,0.8032128514056225,0.1967871485943775
20000534,1,0.808,696633.7644503285,284275.408,278604.67367586546,0.5050372490595608,0.4949627509404392
20000535,1,0.51,474103.9031427311,122739.66000000002,119053.33060279288,0.5076229037657731,0.4923770962342269
20000536,1,0.765,1445206.2096100906,558513.495,547069.2553517192,0.5051756594631382,0.4948243405368616
20000537,1,0.494,453937.5812461099,114509.19999999998,109735.9651355783,0.5106428935971391,0.4893571064028609
20000538,1,0.657,297492.3108657896,100298.27700000002,95154.17123882376,0.5131594815197471,0.4868405184802529
20000539,1,0.484,343367.4989717652,85790.936,80398.93350233434,0.5162224163055557,0.4837775836944444
20000540,1,0.716,156591.99129808234,59357.832,52762.03376942695,0.5294140480159744,0.4705859519840256
20000541,1,0.487,307305.8066819181,76013.39499999999,73644.53285409414,0.5079142554620137,0.4920857445379862
20000542,2,0.765,1982853.465492229,709849.2753428725,701215.3592869065,0.5030593623580649,0.4969406376419351
20000542,2,0.765,1982853.465492229,53232.86965712752,52585.39681464864,0.5030593623580649,0.4969406376419351
20000543,1,0.765,263384.33751147485,103235.985,98253.03319627824,0.5123653185874072,0.4876346814125927
20000545,1,0.564,292810.7429288292,84893.844,80251.41501185967,0.5140555926822185,0.4859444073177816
20000546,2,0.702,726265.551,1072389.8757697209,24664.967142703543,0.9775171065493646,0.0224828934506353
20000546,2,0.702,726265.551,-574014.1017697207,-13202.324340703555,0.9775171065493646,0.0224828934506353
20000547,1,0.494,618314.4386766958,153843.95,151603.38270628778,0.5036676818780191,0.496332318121981
20000548,1,0.471,200945.09195773955,48697.63199999999,45947.50631209533,0.5145286157162983,0.4854713842837017
20000549,2,0.545,407550.276,80120.29144042858,881.3232058447053,0.9891196834817014,0.0108803165182986
20000549,2,0.545,407550.276,139577.92855957148,1535.3572141552702,0.9891196834817014,0.0108803165182986
20000550,3,0.81,4456526.388225462,3901037.308135116,3815422.405842765,0.5055475506557279,0.4944524493442721
20000550,3,0.81,4456526.388225462,-2116009.6715871496,-2069570.238438224,0.5055475506557279,0.4944524493442721
20000550,3,0.81,4456526.388225462,39891.02345203284,39015.54705808357,0.5055475506557279,0.4944524493442721
20000551,1,0.656,358531.05282417603,119985.024,115211.3466526595,0.5101482802096261,0.489851719790374
20000552,1,0.692,132404.79701970608,48522.34799999999,43101.7715376366,0.5295805105125009,0.4704194894874991
20000553,1,0.5,209474.343,99465.5,5271.671499999997,0.949667616334283,0.0503323836657169
20000554,1,0.699,720432.5470945837,254716.299,248866.051419114,0.5058086304812083,0.4941913695187917
20000555,1,0.488,331969.3814747421,82411.0,79590.05815967412,0.508706553748388,0.4912934462516119
20000556,1,0.817,484173.795,286852.785,108717.205515,0.7251631617113851,0.2748368382886149
20000557,3,0.764,1972463.67,2397595.928727036,2169824.315497968,0.5249343832020997,0.4750656167979002
20000557,3,0.764,1972463.67,-7462499.023005693,-6753561.615820152,0.5249343832020997,0.4750656167979002
20000557,3,0.764,1972463.67,5855959.390278657,5299643.248202185,0.5249343832020997,0.4750656167979002
20000558,1,0.496,518741.685,74255.66399999999,183040.21176,0.2886002886002886,0.7113997113997114
20000559,1,0.806,580271.8711557975,237040.57,230658.5581515728,0.5068227750109884,0.4931772249890115
20000560,1,0.818,269890.8848599308,113991.572,106779.17181542335,0.516334592301339,0.4836654076986609
20000561,2,0.461,1967480.3445883023,379178.751417306,377783.8274588007,0.5009213955864082,0.4990786044135917
20000561,2,0.461,1967480.3445883023,75161.18158269403,74884.67839640687,0.5009213955864082,0.4990786044135917
20000562,2,0.463,796052.6655567605,133191.65916598644,131085.10949248736,0.5039854991496081,0.4960145008503919
20000562,2,0.463,796052.6655567605,52563.47783401354,51732.13766029272,0.5039854991496081,0.4960145008503919
20000563,1,0.766,372749.3006620507,146019.516,139506.44830713086,0.5114053860367376,0.4885946139632625
20000564,1,0.645,303168.996,66308.58,129235.42242,0.339097999321804,0.6609020006781959
20000565,1,0.46,238898.86494606177,56608.52,53284.95787518841,0.5151217442066321,0.4848782557933678
20000566,1,0.825,454647.357,167373.525,207710.544525,0.4462293618920124,0.5537706381079875
20000567,1,0.772,247213.354,136907.252,53941.457288,0.7173601147776184,0.2826398852223816
20000568,1,0.586,246492.115,106601.018,37843.36138999999,0.7380073800738007,0.2619926199261992
20000569,1,0.562,183551.6556466712,53857.584,49298.4464734292,0.5220982598188728,0.4779017401811271
20000570,2,0.578,1468430.004438248,13094.107787620584,12430.454981364875,0.5130002776592535,0.4869997223407465
20000570,2,0.578,1468430.004438248,422316.18221237935,400911.7975839424,0.5130002776592535,0.4869997223407465
20000571,1,0.788,510737.058,170029.912,232430.88970400003,0.4224757076468103,0.5775242923531897
20000572,1,0.576,469845.712,168827.90399999998,101803.226112,0.6238303181534622,0.3761696818465377
20000573,1,0.655,842956.1470996544,280338.69,271797.58635027363,0.5077345974314391,0.4922654025685609
20000574,1,0.888,655250.9079999999,461429.664,120433.14230399996,0.7930214115781127,0.2069785884218873
20000575,1,0.838,241223.48686261388,103833.228,98312.05399087042,0.5136564503379776,0.4863435496620224
20000576,1,0.815,283738.100052625,117510.77499999998,113735.77654288936,0.5081622805441284,0.4918377194558715
20000577,1,0.883,247134.30894692,113374.551,104845.04380013034,0.5195434035327623,0.4804565964672376
20000578,1,0.532,345297.0177129027,93146.816,90551.19742326422,0.5070649064961719,0.4929350935038281
20000579,1,0.73,466821.2257886173,173934.90999999997,166844.58482569063,0.510403098311323,0.4895969016886769
20000580,1,0.472,340127.424,65339.904,95200.240128,0.407000407000407,0.592999592999593
20000581,1,0.862,273955.38396829355,121147.204,115002.336980669,0.5130105419511147,0.4869894580488851
20000582,1,0.683,266584.25397419627,93600.36900000002,88476.67646437605,0.5140701221358143,0.4859298778641857
20000583,1,0.88,282922.1054464461,128152.64,120818.81279287262,0.5147282492126289,0.4852717507873711
20000585,1,0.859,298677.0047781512,131755.997,124807.55010443184,0.5135413759553688,0.4864586240446312
20000586,2,0.868,819419.1192314534,87528.70890620361,86287.19072297958,0.5035713596566042,0.4964286403433959
20000586,2,0.868,819419.1192314534,270639.33909379644,266800.5567699221,0.5035713596566042,0.4964286403433959
20000587,1,0.673,228801.891,129072.651,24911.021643,0.8382229673093042,0.1617770326906957
20000588,1,0.592,1888362.903989048,575945.552,541965.2871615164,0.5151981104611036,0.4848018895388963
20000589,2,0.454,2068648.3000000005,-144883.2742843326,-216455.61178079297,0.4009623095429029,0.5990376904570971
20000589,2,0.454,2068648.3000000005,521453.57428433263,779051.6399807931,0.4009623095429029,0.5990376904570971
20000591,1,0.75,165678.408,91434.0,32824.806,0.7358351729212657,0.2641648270787343
20000592,1,0.522,539994.546,146353.662,135523.491012,0.5192107995846313,0.4807892004153686
20000593,4,0.583,2170632.1981222304,734771.7382740102,729740.0067574687,0.5017178870478889,0.498282112952111
20000593,4,0.583,2170632.1981222304,-189691.01208779472,-188392.0042541933,0.5017178870478889,0.498282112952111
20000593,4,0.583,2170632.1981222304,-497410.755025039,-494004.4762552466,0.5017178870478889,0.498282112952111
20000593,4,0.583,2170632.1981222304,587243.2638388234,583221.8102572315,0.5017178870478889,0.498282112952111
20000594,1,0.753,663230.6219269673,252761.76900000003,246650.88931100632,0.5061180664799931,0.4938819335200068
20000595,1,0.865,242703.1746340919,108911.285,101026.96105848953,0.5187777217575541,0.4812222782424459
20000596,3,0.541,4096606.582106512,-1022811.5159104966,-1002739.2734071532,0.5049547615910696,0.4950452384089304
20000596,3,0.541,4096606.582106512,1254697.6565651149,1230074.746831318,0.5049547615910696,0.4950452384089304
20000596,3,0.541,4096606.582106512,887227.000345382,869815.5464954579,0.5049547615910696,0.4950452384089304
20000597,1,0.791,289050.248,113299.676,115339.07016799998,0.4955401387512389,0.5044598612487611
20000598,1,0.774,600863.897,263793.9060000001,201274.750278,0.5672149744753262,0.4327850255246738
20000599,1,0.508,416531.1284269584,107680.252,103917.56124089484,0.5088911381017476,0.4911088618982525
20000600,2,0.546,2445035.71,-134290.60538620752,-197407.18991772505,0.4048582995951417,0.5951417004048583
20000600,2,0.546,2445035.71,674772.1833862074,991915.109577725,0.4048582995951417,0.5951417004048583
20000601,1,0.531,395310.5949249049,106153.272,103756.65390512448,0.5057086821515023,0.4942913178484976
20000602,1,0.876,741164.3523706489,328950.264,320309.70867668843,0.506654156799232,0.4933458432007679
20000603,3,0.591,2342041.522734619,4531203.417135587,4484522.351703798,0.5025888689734291,0.4974111310265708
20000603,3,0.591,2342041.522734619,-6783378.765494582,-6713495.487510822,0.5025888689734291,0.4974111310265708
20000603,3,0.591,2342041.522734619,2947831.9923589947,2917463.031743182,0.5025888689734291,0.4974111310265708
20000604,1,0.542,222690.7200522404,64250.306,56448.064268314265,0.5323212389460654,0.4676787610539345
20000605,1,0.868,1950032.1237451225,851608.688,841019.1954107664,0.503128121866897,0.496871878133103
20000606,1,0.5,697524.9527829796,175371.5,173390.9763914898,0.502839358793701,0.497160641206299
20000607,1,0.562,193926.1227917674,56752.446,52234.03500897328,0.520729226915101,0.4792707730848989
20000608,1,0.779,1340990.0670896105,526752.789,517878.4732628064,0.5042475828829642,0.4957524171170357
20000610,1,0.684,206917.668,135566.74800000002,5964.936912000005,0.9578544061302682,0.0421455938697318
20000611,1,0.523,444516.81441403896,119455.29200000002,113027.0019385424,0.513825332571686,0.486174667428314
20000612,1,0.828,814475.958,322056.396,352329.69722399994,0.4775549188156638,0.5224450811843362
20000613,1,0.775,491121.792,141599.475,239019.9138,0.3720238095238095,0.6279761904761905
20000614,1,0.758,244597.55606075728,94540.034,90864.913494054,0.5099110637434955,0.4900889362565045
20000615,1,0.56,254198.364,86483.04000000001,55868.04384,0.6075334143377886,0.3924665856622114
20000616,4,0.516,2967114.1172170416,203965.4892358928,202805.97019234355,0.5014252708943483,0.4985747291056518
20000616,4,0.516,2967114.1172170416,388094.6604275837,385888.3894003065,0.5014252708943483,0.4985747291056518
20000616,4,0.516,2967114.1172170416,141875.75607723097,141069.20962858523,0.5014252708943483,0.4985747291056518
20000616,4,0.516,2967114.1172170416,33761.6702592927,33569.73926275827,0.5014252708943483,0.4985747291056518
20000617,1,0.646,341113.7907171397,111778.672,108580.83680327224,0.5072559500928608,0.4927440499071391
20000618,1,0.843,1493556.78,758474.9189999999,500593.44654,0.6024096385542168,0.3975903614457831
20000619,4,0.457,2678916.24,960860.2318505544,1023316.14692084,0.4842615012106538,0.5157384987893462
20000619,4,0.457,2678916.24,-600754.8322606598,-639803.8963576026,0.4842615012106538,0.5157384987893462
20000619,4,0.457,2678916.24,1947.605592173523,2074.1999556648016,0.4842615012106538,0.5157384987893462
20000619,4,0.457,2678916.24,230811.26681793205,245813.9991610976,0.4842615012106538,0.5157384987893462
20000620,2,0.655,1010200.0506228262,-134907.56832631576,-131439.9491508506,0.5065095766769488,0.4934904233230512
20000620,2,0.655,1010200.0506228262,470055.3483263158,457973.2023088018,0.5065095766769488,0.4934904233230512
20000621,1,0.505,840548.0024529776,224897.205,199579.53623875367,0.529822209677922,0.4701777903220779
20000622,1,0.746,264604.67996016215,101557.456,95837.63525028096,0.5144882547825538,0.4855117452174461
20000623,1,0.508,346433.8178825648,89383.108,86605.27148434291,0.5078921020916163,0.4921078979083837
20000624,3,0.721,2307816.5878627026,5849452.709787508,5777972.560423952,0.5030737737591263,0.4969262262408737
20000624,3,0.721,2307816.5878627026,-78579.01671952203,-77618.7833215232,0.5030737737591263,0.4969262262408737
20000624,3,0.721,2307816.5878627026,-4933791.251067985,-4873500.459253419,0.5030737737591263,0.4969262262408737
20000625,1,0.757,838771.686,163689.13799999998,471261.028302,0.2577984016499097,0.7422015983500903
20000626,4,0.79,2967444.6702175746,-1347133.4741599732,-1339982.1905049272,0.5013306616736086,0.4986693383263913
20000626,4,0.79,2967444.6702175746,217789.60360864524,216633.46335795723,0.5013306616736086,0.4986693383263913
20000626,4,0.79,2967444.6702175746,1202393.787920803,1196010.8576414937,0.5013306616736086,0.4986693383263913
20000626,4,0.79,2967444.6702175746,1102210.1726305245,1096359.0689773597,0.5013306616736086,0.4986693383263913
20000627,1,0.501,256983.63762737048,66655.044,62093.75845131262,0.5177138950492851,0.4822861049507149
20000628,1,0.844,702075.0245078497,301168.74000000005,291382.5806846252,0.5082576470372795,0.4917423529627205
20000629,1,0.528,313871.5253832919,85112.01600000002,80612.14940237813,0.5135763742924764,0.4864236257075237
20000630,1,0.675,439813.850702088,151386.3,145488.0492239094,0.509933917819963,0.490066082180037
20000631,2,0.552,1323729.6798972348,-165220.38251994186,-161999.34886882102,0.5049218206332643,0.4950781793667356
20000631,2,0.552,1323729.6798972348,534166.1425199419,523752.3721720947,0.5049218206332643,0.4950781793667356
20000632,1,0.781,432686.15061946143,170709.418,167218.46563379935,0.5051652327837848,0.4948347672162151
20000633,1,0.772,670211.2156556754,262074.7,255328.3584861814,0.5065194256229921,0.4934805743770078
20000634,1,0.609,340035.0552085673,105964.173,101117.17562201749,0.5117031239419578,0.488296876058042
20000635,1,0.642,227747.71932944455,75327.144,70886.89180950343,0.5151840832718741,0.4848159167281259
20000636,4,0.746,2787443.62,3824065.098713639,3709343.14575223,0.5076142131979695,0.4923857868020305
20000636,4,0.746,2787443.62,-992673.5141597496,-962893.3087349572,0.5076142131979695,0.4923857868020305
20000636,4,0.746,2787443.62,1283567.6023441574,1245060.5742738328,0.5076142131979695,0.4923857868020305
20000636,4,0.746,2787443.62,-3059409.470898047,-2967627.186771106,0.5076142131979695,0.4923857868020305
20000637,1,0.838,359916.032,184923.136,116686.498816,0.6131207847946045,0.3868792152053955
20000638,4,0.67,3912648.75106052,290517.2285577568,283822.2265652144,0.5058284364175442,0.4941715635824558
20000638,4,0.67,3912648.75106052,-502199.5496661551,-490626.3049317197,0.5058284364175442,0.4941715635824558
20000638,4,0.67,3912648.75106052,156269.79592130682,152668.54101377097,0.5058284364175442,0.4941715635824558
20000638,4,0.67,3912648.75106052,1381428.9551870916,1349593.770563283,0.5058284364175442,0.4941715635824558
20000639,1,0.687,227209.45480825065,80292.43800000001,75800.45745326819,0.514388805248592,0.485611194751408
20000640,2,0.596,793934.2469448918,240135.57710241232,235143.0897158586,0.5052521686066573,0.4947478313933427
20000640,2,0.596,793934.2469448918,-1057.925102412335,-1035.9305367030663,0.5052521686066573,0.4947478313933427
20000641,1,0.672,763129.185,268353.12,244469.6923200001,0.5232862375719518,0.4767137624280482
20000642,1,0.471,433638.1016802634,103592.682,100650.8638914041,0.5072017406859947,0.4927982593140053
20000643,3,0.726,2812626.204593609,-743271.8250980573,-736126.9544738173,0.5024147886029444,0.4975852113970556
20000643,3,0.726,2812626.204593609,1076021.6369395836,1065678.1325509946,0.5024147886029444,0.4975852113970556
20000643,3,0.726,2812626.204593609,693164.4181584738,686501.2164577829,0.5024147886029444,0.4975852113970556
20000644,1,0.466,566230.1512827424,134264.386,129598.86449775795,0.5088407944142295,0.4911592055857705
20000645,1,0.707,657825.0785851559,234531.696,230550.6345597052,0.504279953439108,0.4957200465608919
20000646,1,0.511,606841.7134070541,157581.66900000002,152514.44655100466,0.5081704061980775,0.4918295938019226
20000647,1,0.521,517827.9936015132,136163.35,133625.03466638835,0.5047042709728783,0.4952957290271216
20000648,2,0.65,1311005.49776462,371680.9298459276,368524.4823568699,0.5021321429410145,0.4978678570589856
20000648,2,0.65,1311005.49776462,56212.770154072336,55735.391190133145,0.5021321429410145,0.4978678570589856
20000649,1,0.859,492434.6015211947,213744.97,209256.3527067062,0.5053056776094362,0.4946943223905637
20000650,1,0.887,776720.1745737118,346720.317,342230.4778468824,0.5032584614073313,0.4967415385926687
20000651,4,0.661,2011512.209093372,477984.1529671977,472101.9250071084,0.5030956289627099,0.4969043710372901
20000651,4,0.661,2011512.209093372,-2795173.6219951445,-2760775.309142014,0.5030956289627099,0.4969043710372901
20000651,4,0.661,2011512.209093372,3601059.871630681,3556744.0613023094,0.5030956289627099,0.4969043710372901
20000651,4,0.661,2011512.209093372,-614949.6396027345,-607381.8699566845,0.5030956289627099,0.4969043710372901
20000652,1,0.616,358912.18200000003,151327.79200000002,69762.11211200002,0.6844626967830253,0.3155373032169747
20000653,1,0.547,479196.0196535036,132614.133,129506.08975046646,0.5059286597900009,0.4940713402099991
20000654,2,0.845,1449663.6791987752,-16.383501647201548,-16.058994242659686,0.5050012706427325,0.4949987293572675
20000654,2,0.845,1449663.6791987752,618625.6735016473,606372.5779172077,0.5050012706427325,0.4949987293572675
20000655,2,0.892,813807.2084950287,358914.44168580935,350667.05415364046,0.5058114449013443,0.4941885550986557
20000655,2,0.892,813807.2084950287,8262.194314190694,8072.339823925119,0.5058114449013443,0.4941885550986557
20000656,1,0.586,667469.628540857,197838.288,193298.91432494216,0.5058027894662992,0.4941972105337007
20000657,1,0.718,360608.8284073939,131441.388,127475.7507965088,0.5076581203197366,0.4923418796802634
20000658,2,0.738,1675943.158690199,-9032.276997074732,-8921.669636132152,0.5030803077229272,0.4969196922770728
20000658,2,0.738,1675943.158690199,631265.1689970747,623534.828749499,0.5030803077229272,0.4969196922770728
20000659,1,0.523,319129.9598822298,84785.622,82119.34701840619,0.5079874044412056,0.4920125955587943
20000660,1,0.563,182833.1983283912,53772.69299999999,49162.39765888423,0.5223941870143864,0.4776058129856135
20000661,4,0.696,2725818.5285569085,-31001901.79160379,-29880319.625032477,0.5092110811701167,0.4907889188298832
20000661,4,0.696,2725818.5285569085,89992957.85943247,86737206.08876275,0.5092110811701167,0.4907889188298832
20000661,4,0.696,2725818.5285569085,-7144050.959461649,-6885594.552268626,0.5092110811701167,0.4907889188298832
20000661,4,0.696,2725818.5285569085,-50880945.27636706,-49040182.04758605,0.5092110811701167,0.4907889188298832
20000662,1,0.719,455841.08,138877.007,188872.72952,0.423728813559322,0.5762711864406779
20000663,1,0.575,423628.9074840631,125265.475,118321.14680333625,0.514254330031044,0.4857456699689558
20000664,2,0.578,817432.0916826027,71990.24281137277,70894.97667936022,0.5038326782011333,0.4961673217988668
20000664,2,0.578,817432.0916826027,166058.47918862727,163532.05031318415,0.5038326782011333,0.4961673217988668
20000665,1,0.703,346927.1702227476,124801.481,119088.31966659156,0.5117125876477684,0.4882874123522316
20000666,1,0.748,198163.704,106027.504,42198.94659200001,0.7153075822603719,0.284692417739628
20000667,1,0.77,1817815.1544329885,705128.27,694589.3989134012,0.503764641727635,0.496235358272365
20000668,1,0.616,536394.4923885027,167641.31999999998,162777.68731131763,0.507359795564212,0.4926402044357879
20000669,1,0.855,517664.69995823415,224738.46,217864.85846429016,0.5077649683689215,0.4922350316310785
20000670,2,0.615,901762.7559717091,216843.82974061684,210829.57513132444,0.5070313638173191,0.492968636182681
20000670,2,0.615,901762.7559717091,64347.70025938316,62562.98979127676,0.5070313638173191,0.492968636182681
20000671,1,0.867,217954.55814209892,97359.765,91606.8369091998,0.515222076368724,0.484777923631276
20000672,1,0.897,308314.9237920991,140329.371,136229.11564151288,0.5074129986179055,0.4925870013820945
20000673,4,0.77,2693033.7555409204,-8324150.024320741,-8250783.968407067,0.5022131628381103,0.4977868371618896
20000673,4,0.77,2693033.7555409204,1960800.8801478809,1943519.0884228148,0.5022131628381103,0.4977868371618896
20000673,4,0.77,2693033.7555409204,5080027.352690676,5035253.823896556,0.5022131628381103,0.4977868371618896
20000673,4,0.77,2693033.7555409204,2324729.081482184,2304239.757854204,0.5022131628381103,0.4977868371618896
20000674,1,0.466,737592.2354423341,173884.17200000002,169833.80971612767,0.5058919848528866,0.4941080151471134
20000675,1,0.543,372357.1777794956,103324.212,98865.73553426612,0.5110254652125529,0.4889745347874471
20000676,1,0.625,468613.1763177696,149876.87500000003,143006.360198606,0.5117291022081464,0.4882708977918537
20000677,3,0.574,3324876.3830503216,116055.8507181564,115300.47956713746,0.5016324842940054,0.4983675157059946
20000677,3,0.574,3324876.3830503216,620212.6701439031,616175.900298832,0.5016324842940054,0.4983675157059946
20000677,3,0.574,3324876.3830503216,221086.5631379403,219647.58000491504,0.5016324842940054,0.4983675157059946
20000678,1,0.866,455128.032,227564.016,166576.859712,0.5773672055427251,0.4226327944572748
20000679,1,0.792,378948.1537300133,153049.24800000002,147077.68975417057,0.5099483876564267,0.4900516123435733
20000680,4,0.463,3028957.209207773,548184.2224324498,545383.0077667038,0.5012807692972091,0.498719230702791
20000680,4,0.463,3028957.209207773,201511.30829137875,200481.58797291585,0.5012807692972091,0.498719230702791
20000680,4,0.463,3028957.209207773,50029.16486175063,49773.51644176526,0.5012807692972091,0.498719230702791
20000680,4,0.463,3028957.209207773,-96724.94158557912,-96230.67831818576,0.5012807692972091,0.498719230702791
20000681,3,0.726,3016035.9540676028,445948.8413391044,433879.91501498886,0.5068586791673687,0.4931413208326312
20000681,3,0.726,3016035.9540676028,-322085.83963108715,-313369.07683633285,0.5068586791673687,0.4931413208326312
20000681,3,0.726,3016035.9540676028,985976.1022919829,959292.1604744238,0.5068586791673687,0.4931413208326312
20000682,1,0.581,170134.053162059,51976.84099999999,46871.043887156266,0.5258265370001212,0.4741734629998788
20000683,1,0.514,782977.1368488858,203416.014,199034.23434032727,0.505443877445402,0.4945561225545979
20000684,1,0.819,291047.494,156614.91299999997,81752.98458599999,0.657030223390276,0.342969776609724
20000685,1,0.768,747515.9376438435,290966.016,283126.2241104718,0.5068279897739252,0.4931720102260747
20000686,1,0.84,392666.5779926999,168433.44,161406.48551386793,0.5106520677798246,0.4893479322201753
20000687,1,0.666,337683.92,125221.32,99676.17072,0.5567928730512249,0.443207126948775
20000688,1,0.632,370818.7479609436,120342.28,114015.16871131634,0.5134988482838398,0.4865011517161601
20000689,1,0.739,359254.6293048493,134566.727,130922.44405628364,0.5068633363259547,0.4931366636740454
20000690,1,0.728,727550.2792205242,267519.61600000004,262136.9872725416,0.5050812438608347,0.4949187561391652
20000691,1,0.873,160772.17797614206,73442.87100000001,66911.24037317203,0.5232683979219596,0.4767316020780405
20000692,1,0.674,384881.3730728038,132527.946,126882.09945106976,0.5108820892789889,0.489117910721011
20000693,1,0.617,278120.92452923686,88365.50600000001,83235.10443453917,0.5149486693330207,0.4850513306669794
20000694,1,0.897,379651.9328927508,175742.931,164804.85280479753,0.5160595351304242,0.4839404648695758
20000695,1,0.683,536394.0079599856,184937.276,181419.8314366702,0.5048005682050782,0.4951994317949217
20000696,1,0.582,233136.2479095977,69837.672,65847.62428338587,0.514703316519576,0.4852966834804241
20000697,1,0.848,321830.52023427974,139713.936,133198.34515866922,0.511937152138534,0.488062847861466
20000698,1,0.676,403381.56315952167,138724.664,133961.27269583664,0.5087342078617655,0.4912657921382344
20000699,1,0.819,544341.9832532746,225802.395,220013.6892844319,0.506492257591894,0.4935077424081061
20000700,2,0.801,1522576.70479537,182360.45938632116,171476.69895648886,0.5153796176761172,0.4846203823238829
20000700,2,0.801,1522576.70479537,446188.2456136791,419558.53658460267,0.5153796176761172,0.4846203823238829
20000701,1,0.891,698218.1978931003,313059.08700000006,309053.32732275245,0.5032194821908581,0.496780517809142
20000702,1,0.551,279271.044,102041.343,51837.002244,0.6631299734748011,0.3368700265251989
20000703,3,0.744,3607193.442237256,-40385361.95694736,-39289182.121751845,0.5068791095567033,0.4931208904432967
20000703,3,0.744,3607193.442237256,83045526.74369764,80791422.10259831,0.5068791095567033,0.4931208904432967
20000703,3,0.744,3607193.442237256,-41299827.00275028,-40178825.84382194,0.5068791095567033,0.4931208904432967
20000704,1,0.506,188897.773,87932.174,7650.099137999993,0.9199632014719412,0.0800367985280588
20000705,1,0.815,719326.4183791032,295734.975,290516.0559789691,0.5044510958149753,0.4955489041850247
20000706,1,0.868,568271.4932664493,249729.676,243529.98015527808,0.506284414068085,0.4937155859319151
20000707,1,0.562,1147168.4640000002,155952.752,488755.9247680001,0.2418964683115626,0.7581035316884374
20000708,1,0.889,381704.6682573797,172826.045,166509.40508081054,0.5093073681480748,0.4906926318519253
20000709,3,0.721,1998168.904,-1651303.175926086,-599423.0528611693,0.7336757153338224,0.2663242846661776
20000709,3,0.721,1998168.904,1534387.588455454,556982.6946093299,0.7336757153338224,0.2663242846661776
20000709,3,0.721,1998168.904,1173907.355470632,426128.3700358395,0.7336757153338224,0.2663242846661776
20000710,1,0.494,531369.1865838707,132748.668,129747.71017243213,0.5057161890165139,0.494283810983486
20000711,1,0.769,271453.3266042168,108395.164,100352.44415864276,0.5192642203479644,0.4807357796520357
20000712,2,0.556,804041.5441007072,64554.86955057317,63505.20454633534,0.5040983304579517,0.4959016695420483
20000712,2,0.556,804041.5441007072,160800.82644942688,158186.1979736579,0.5040983304579517,0.4959016695420483
20000713,1,0.535,1448200.480412575,390544.1150000001,384243.1420207276,0.5040662600747342,0.4959337399252657
20000714,1,0.606,460891.2133300884,143170.53,136129.54527803356,0.5126046953531205,0.4873953046468795
20000715,1,0.529,338651.3558719787,91057.828,88088.73925627672,0.5082867586836757,0.4917132413163242
20000716,1,0.682,330477.48799999995,138443.27200000003,86942.37481599998,0.6142506142506143,0.3857493857493856
20000717,1,0.839,321626.5512257281,137304.867,132539.80947838587,0.5088292598242081,0.4911707401757919
20000718,1,0.562,696602.0623482498,198365.768,193124.5910397164,0.5066938774343507,0.4933061225656493
20000719,1,0.68,582214.4910215139,201024.32,194881.53389462957,0.5077578874433686,0.4922421125566315
20000720,1,0.781,314595.3356633367,125182.585,120516.37215306592,0.5094957929431241,0.4905042070568758
20000721,1,0.722,233301.5171871603,87517.22999999998,80926.4654091297,0.5195637022058383,0.4804362977941617
20000722,1,0.733,145395.581,98589.233,7985.727873000004,0.9250693802035151,0.0749306197964847
20000723,1,0.622,1588398.171042868,496699.966,491283.6963886638,0.5027410724577374,0.4972589275422625
20000724,1,0.603,367408.30440741486,114065.892,107481.31555767114,0.5148604365519137,0.4851395634480863
20000725,1,0.734,406016.516,96695.692,201320.430744,0.3244646333549643,0.6755353666450357
20000726,1,0.738,540527.2625906602,202486.536,196422.58379190727,0.5076006688080433,0.4923993311919566
20000727,1,0.567,414906.5686640403,119722.617,115529.40743251084,0.5089121646829698,0.4910878353170302
20000728,1,0.751,965933.612,258431.11600000004,466985.026612,0.3562522265764161,0.6437477734235839
20000729,1,0.552,178890.42281380988,50773.512,47974.00139322307,0.5141750941901139,0.4858249058098862
20000730,1,0.512,657769.3222318598,169465.85599999997,167312.0369827122,0.5031976846790807,0.4968023153209193
20000731,1,0.694,194685.63727326167,69439.55799999999,65672.2742676436,0.5139413538737813,0.4860586461262187
20000732,2,0.556,1272673.362706888,364258.2942598455,357969.0265854752,0.5043540776517629,0.4956459223482371
20000732,2,0.556,1272673.362706888,-7374.126259845524,-7246.804920445388,0.5043540776517629,0.4956459223482371
20000733,2,0.678,923113.5407803592,773136.7299658828,755441.0903514326,0.5057882691280896,0.4942117308719105
20000733,2,0.678,923113.5407803592,-456578.5299658828,-446128.30970234895,0.5057882691280896,0.4942117308719105
20000734,1,0.787,589394.781002797,234008.941,229844.7516492012,0.5044886883696192,0.4955113116303807
20000735,4,0.747,2477748.643094519,84255.75443052889,83586.2585465899,0.5019944228267516,0.4980055771732485
20000735,4,0.747,2477748.643094519,668014.610690827,662706.569296012,0.5019944228267516,0.4980055771732485
20000735,4,0.747,2477748.643094519,-55259.50689745522,-54820.41507914092,0.5019944228267516,0.4980055771732485
20000735,4,0.747,2477748.643094519,232119.69377609948,230275.27162814504,0.5019944228267516,0.4980055771732485
20000736,1,0.453,329350.342,78235.818,70959.886926,0.5243838489774515,0.4756161510225485
20000737,1,0.544,674566.8852878311,185309.792,181654.5935965801,0.5049803176369249,0.4950196823630751
20000738,1,0.78,157887.873,106074.54,17078.000939999994,0.8613264427217916,0.1386735572782084
20000739,1,0.685,348874.8132967864,122053.98500000002,116925.26210829872,0.510730477549327,0.4892695224506731
20000740,1,0.559,327120.69893403345,93444.67600000002,89415.79470412471,0.5110162718064808,0.4889837281935192
20000741,1,0.844,115075.134,86639.97600000001,10483.437096000003,0.8920606601248885,0.1079393398751115
20000742,1,0.846,252357.661,143961.282,69533.29920600001,0.6743088334457181,0.3256911665542819
20000743,1,0.523,658677.934,120830.782,223657.777482,0.350754121360926,0.649245878639074
20000744,1,0.833,498763.4595285737,211562.841,203907.1207873019,0.5092133257718129,0.4907866742281871
20000745,1,0.526,68136.72600000001,33001.766,2838.1518760000054,0.9208103130755064,0.0791896869244936
20000746,1,0.877,450396.8797248504,199770.953,195227.11051869375,0.5057517275411797,0.4942482724588203
20000747,2,0.724,2798932.187,100786.822972755,186556.4093225695,0.350754121360926,0.649245878639074
20000747,2,0.724,2798932.187,609990.7650272449,1129092.9060654305,0.350754121360926,0.649245878639074
20000748,3,0.787,2132591.334,-635643.7808365873,-528219.981875204,0.5461496450027308,0.4538503549972692
20000748,3,0.787,2132591.334,-206191.0158901517,-171344.73420471602,0.5461496450027308,0.4538503549972692
20000748,3,0.787,2132591.334,1758464.714726739,1461284.1779379202,0.5461496450027308,0.4538503549972692
20000749,1,0.866,291035.3805188902,129710.346,122326.29352935893,0.5146487679022179,0.4853512320977821
20000750,1,0.627,284508.05673299404,93625.521,84761.03057158727,0.5248462968489398,0.4751537031510602
20000751,1,0.767,999551.466,212782.67400000003,553873.300422,0.2775464890369137,0.7224535109630863
20000752,1,0.689,297553.7502901971,104295.308,100719.22594994576,0.5087215330083069,0.491278466991693
20000753,1,0.48,331946.046,126757.44,32576.662079999987,0.7955449482895784,0.2044550517104215
20000754,1,0.496,282935.7622379092,71950.256,68385.88207000296,0.5126994157706515,0.4873005842293485
20000755,1,0.688,450183.066,174101.152,135624.79740799998,0.5621135469364812,0.4378864530635188
20000756,1,0.543,388120.915,180900.993,29848.663845000025,0.8583690987124463,0.1416309012875537
20000757,1,0.668,258166.52295978228,89190.692,83264.54533713456,0.517181695245591,0.4828183047544089
20000758,2,0.717,966032.6383948688,248888.36926603975,241703.7424437865,0.5073224035311261,0.4926775964688739
20000758,2,0.717,966032.6383948688,102506.16073396023,99547.12928533436,0.5073224035311261,0.4926775964688739
20000759,1,0.521,393568.741,117912.19900000002,87137.11506100002,0.5750431282346176,0.4249568717653824
20000760,1,0.664,326175.18700910977,110220.01600000002,106360.30817404891,0.5089105689555838,0.4910894310444162
20000761,2,0.748,993311.4276121208,267610.7995574508,262387.9350708665,0.5049272424114815,0.4950727575885185
20000761,2,0.748,993311.4276121208,107548.60044254918,105449.6127829998,0.5049272424114815,0.4950727575885185
20000762,3,0.759,3000704.255,250060.2474545476,92272.23131072804,0.7304601899196494,0.2695398100803506
20000762,3,0.759,3000704.255,4667970.9895679485,1722481.295150573,0.7304601899196494,0.2695398100803506
20000762,3,0.759,3000704.255,-3254382.932022496,-1200867.3019163008,0.7304601899196494,0.2695398100803506
20000763,1,0.66,273611.1074398025,93071.88,87511.45091026966,0.5153957429561793,0.4846042570438207
20000764,1,0.796,678700.4920083331,273406.896,266838.6956386332,0.5060789023205582,0.4939210976794418
20000765,1,0.667,783074.3326812999,263693.781,258616.79889842705,0.5048601179996778,0.4951398820003221
20000766,1,0.505,388357.5281010831,100350.065,95770.48669104696,0.5116754166492641,0.4883245833507358
20000767,1,0.541,468479.2078754756,128893.791,124553.4604606323,0.5085625914551334,0.4914374085448666
20000768,1,0.451,676991.3738876828,153689.976,151633.13362334497,0.5033683044483472,0.4966316955516528
20000769,1,0.878,226919.5,150366.28,48869.041,0.7547169811320755,0.2452830188679245
20000770,4,0.881,3611587.928467259,1302050.103922387,1294852.3891680292,0.5013858269175505,0.4986141730824495
20000770,4,0.881,3611587.928467259,1311876.8037192354,1304624.7671059098,0.5013858269175505,0.4986141730824495
20000770,4,0.881,3611587.928467259,-859588.0341383668,-854836.2435142207,0.5013858269175505,0.4986141730824495
20000770,4,0.881,3611587.928467259,-159024.95450325496,-158145.8667800629,0.5013858269175505,0.4986141730824495
20000771,1,0.886,212494.42579053628,97149.9,91120.16125041514,0.5160135358472232,0.4839864641527768
20000772,1,0.711,370301.32141105726,133392.132,129892.1075232617,0.5066468552828607,0.4933531447171392
20000773,1,0.877,410132.9031520658,182422.139,177264.41706436168,0.5071697452249444,0.4928302547750555
20000774,1,0.546,125987.67,40227.642,28561.62582,0.5847953216374269,0.4152046783625731
20000775,1,0.65,415293.2330949247,136380.40000000002,133560.20151170107,0.5052237389864761,0.494776261013524
20000776,1,0.499,415166.84895594313,104902.275,102265.98262901563,0.5063626841321061,0.493637315867894
20000777,3,0.86,2077508.703,1455634.7010460608,1422155.1029220014,0.5058168942842691,0.4941831057157309
20000777,3,0.86,2077508.703,336273.2293964516,328538.9451203332,0.5058168942842691,0.4941831057157309
20000777,3,0.86,2077508.703,-888186.3904425126,-867758.1034623346,0.5058168942842691,0.4941831057157309
20000778,4,0.453,2330341.3547500726,384768.8417020377,380586.3954627343,0.5027323561897852,0.4972676438102147
20000778,4,0.453,2330341.3547500726,420261.5106549612,415693.2582803992,0.5027323561897852,0.4972676438102147
20000778,4,0.453,2330341.3547500726,116336.92056239616,115072.33553584888,0.5027323561897852,0.4972676438102147
20000778,4,0.453,2330341.3547500726,-390660.558919395,-386414.0695771996,0.5027323561897852,0.4972676438102147
20000779,1,0.561,269117.04695800145,78341.406,72633.25734343883,0.5189043264947584,0.4810956735052417
20000780,1,0.811,394688.65138370194,162947.742,157144.75427218227,0.5090645482093452,0.4909354517906547
20000782,3,0.491,2162334.616,268021.40915309184,227014.1335526688,0.5414185165132648,0.4585814834867352
20000782,3,0.491,2162334.616,173436.24380322578,146900.4985013322,0.5414185165132648,0.4585814834867352
20000782,3,0.491,2162334.616,133369.79504368242,112964.216401999,0.5414185165132648,0.4585814834867352
20000783,2,0.55,1050911.449531901,1276627.3219750433,1165629.9253045348,0.5227243458472993,0.4772756541527007
20000783,2,0.55,1050911.449531901,-974491.9719750432,-889763.9780619891,0.5227243458472993,0.4772756541527007
20000785,1,0.766,536541.7106005345,210312.194,200678.75632000933,0.5117197686135057,0.4882802313864942
20000786,1,0.57,351820.3713295988,102113.22,98424.39165787134,0.5091973478481983,0.4908026521518018
20000787,4,0.882,3124760.1526944963,67280.2299120239,65107.22084801868,0.5082070054658877,0.4917929945341122
20000787,4,0.882,3124760.1526944963,868053.8984256987,840017.5942722998,0.5082070054658877,0.4917929945341122
20000787,4,0.882,3124760.1526944963,-114026.58800081428,-110343.77048388011,0.5082070054658877,0.4917929945341122
20000787,4,0.882,3124760.1526944963,579330.5096630914,560619.360040107,0.5082070054658877,0.4917929945341122
20000788,1,0.699,838705.5630000001,130018.89299999998,456236.295537,0.2217786648924373,0.7782213351075626
20000789,1,0.571,564389.9463813312,165567.731,156698.9283837401,0.5137600374690007,0.4862399625309993
20000790,1,0.597,328257.9578234492,99921.681,96048.31982059916,0.509882536008526,0.4901174639914741
20000791,1,0.693,317032.0283342534,112831.488,106871.7076356376,0.5135632537048899,0.4864367462951102
20000792,1,0.53,728043.929971538,195253.59000000003,190609.6928849152,0.5060175421205727,0.4939824578794273
20000793,1,0.659,345617.43520794186,116274.619,111487.27080203369,0.5105095461802837,0.4894904538197163
20000794,4,0.714,2434614.33,-17344526.8020761,-8706952.454642205,0.6657789613848202,0.3342210386151797
20000794,4,0.714,2434614.33,9280227.158685712,4658674.033660227,0.6657789613848202,0.3342210386151797
20000794,4,0.714,2434614.33,-6418401.493779377,-3222037.549877248,0.6657789613848202,0.3342210386151797
20000794,4,0.714,2434614.33,15640034.447169766,7851297.292479224,0.6657789613848202,0.3342210386151797
20000795,1,0.797,419727.61244218063,169214.258,165308.649116418,0.5058375806267623,0.4941624193732377
20000796,1,0.826,326658.36185693776,137403.448,132416.35889383062,0.5092415178180966,0.4907584821819035
20000797,2,0.682,1915157.592,521565.5483184615,578416.1930851737,0.474158368895211,0.525841631104789
20000797,2,0.682,1915157.592,97750.46768153862,108405.26865882632,0.474158368895211,0.525841631104789
20000798,1,0.788,444844.4556357522,178842.11599999998,171695.31504097272,0.5101940624968406,0.4898059375031594
20000799,4,0.535,2697809.526819872,6642471.8288328005,6601703.236561891,0.5015391140659803,0.4984608859340196
20000799,4,0.535,2697809.526819872,274372.1136542144,272688.1373995432,0.5015391140659803,0.4984608859340196
20000799,4,0.535,2697809.526819872,-1622377.2924737583,-1612419.8489119587,0.5015391140659803,0.4984608859340196
20000799,4,0.535,2697809.526819872,-4570581.155013257,-4542528.923200844,0.5015391140659803,0.4984608859340196
20000800,2,0.777,836790.6869706116,69384.31944689693,68266.82693557888,0.5040591471291237,0.4959408528708762
20000800,2,0.777,836790.6869706116,258348.06455310303,254187.15284058623,0.5040591471291237,0.4959408528708762
20000801,4,0.475,2273851.48004745,186331.58592276828,184489.0187903361,0.5024844454555832,0.4975155545444168
20000801,4,0.475,2273851.48004745,284110.3543019634,281300.887521396,0.5024844454555832,0.4975155545444168
20000801,4,0.475,2273851.48004745,-47060.77978932142,-46595.412387240845,0.5024844454555832,0.4975155545444168
20000801,4,0.475,2273851.48004745,119341.9645645896,118161.83409804731,0.5024844454555832,0.4975155545444168
20000802,1,0.552,260523.55797805623,73973.52,69835.48400388708,0.5143872632481381,0.4856127367518619
20000803,1,0.61,382902.90990715934,118379.65,115191.1250433672,0.5068256076900904,0.4931743923099095
20000804,1,0.664,361729.2132485848,122707.2,117480.99759706033,0.5108793905263138,0.4891206094736862
20000805,3,0.466,2784016.3466386795,319785.6347045556,307573.46447253705,0.509732998411944,0.490267001588056
20000805,3,0.466,2784016.3466386795,110727.18000011928,106498.66244109224,0.509732998411944,0.490267001588056
20000805,3,0.466,2784016.3466386795,230790.1152953252,221976.56061999523,0.509732998411944,0.490267001588056
20000806,1,0.542,228782.59970620385,65010.19,58989.97904076248,0.524275011098003,0.4757249889019969
20000807,1,0.863,293478.156,145058.218,108213.43062800002,0.572737686139748,0.427262313860252
20000808,1,0.879,541370.2829922349,240846.00000000003,235018.47875017452,0.5061230891462325,0.4938769108537676
20000809,1,0.877,187329.189,163145.67899999995,1142.0197529999857,0.99304865938431,0.00695134061569
20000810,1,0.871,401161.4438738956,178524.51499999998,170887.102614163,0.5109289617185404,0.4890710382814595
20000811,1,0.742,499864.8812376426,188200.88,182698.8618783308,0.5074171231473572,0.4925828768526427
20000812,1,0.744,319496.7947551492,121789.824,115915.79129783096,0.5123556877165254,0.4876443122834745
20000813,1,0.828,562696.0344563094,237111.048,228801.26852982413,0.5089177503742208,0.4910822496257791
20000814,1,0.778,309461.2,141624.00800000003,99136.80560000002,0.5882352941176471,0.411764705882353
20000815,1,0.612,254282.871,112199.796,43421.321052000014,0.7209805335255948,0.2790194664744052
20000816,1,0.568,321785.5681925266,94009.112,88765.09073335507,0.5143456275235277,0.4856543724764722
20000817,1,0.869,155834.18086923304,70651.43800000001,64768.46517536352,0.5217212266686466,0.4782787733313534
20000818,1,0.646,750266.5416291275,244295.236,240376.9498924163,0.5040422023603118,0.495957797639688
20000819,4,0.545,2489723.9898485364,210444.33650022335,208189.51459393624,0.5026930716429092,0.4973069283570907
20000819,4,0.545,2489723.9898485364,177893.69656327998,175987.64097313175,0.5026930716429092,0.4973069283570907
20000819,4,0.545,2489723.9898485364,113780.404513332,112561.29568451064,0.5026930716429092,0.4973069283570907
20000819,4,0.545,2489723.9898485364,179985.57742316477,178057.10821587365,0.5026930716429092,0.4973069283570907
20000820,4,0.639,3296065.304883639,253734.8279084088,252835.94462505335,0.5008872237919096,0.4991127762080904
20000820,4,0.639,3296065.304883639,-93488.93662141498,-93157.74187373136,0.5008872237919096,0.4991127762080904
20000820,4,0.639,3296065.304883639,419480.06537640427,417994.0115241369,0.5008872237919096,0.4991127762080904
20000820,4,0.639,3296065.304883639,475235.566336602,473551.9925451865,0.5008872237919096,0.4991127762080904
20000821,1,0.886,320547.09185982286,145680.55,138324.17338780302,0.5129511518760058,0.487048848123994
20000822,1,0.789,693817.4290245755,275708.949,271713.00250039005,0.5036497865025852,0.4963502134974147
20000823,1,0.889,292020.628,161346.388,98259.95029200002,0.6215040397762585,0.3784959602237415
20000824,2,0.646,1533078.2353065189,598026.3811517796,588054.0928074664,0.5042038835320443,0.4957961164679557
20000824,2,0.646,1533078.2353065189,-98678.7171517795,-97033.21679945526,0.5042038835320443,0.4957961164679557
20000825,1,0.686,369681.5487687328,128548.16800000002,125053.37445535071,0.5068903239128851,0.493109676087115
20000826,1,0.514,662536.0920000001,192833.268,147710.283288,0.566251415628539,0.4337485843714609
20000827,1,0.767,751108.2353791082,290980.62499999994,285119.3915357759,0.5050869929664895,0.4949130070335104
20000828,1,0.51,280352.186496143,73732.73999999999,69246.87511303293,0.5156870784811554,0.4843129215188446
20000829,1,0.782,421645.2730791494,166576.948,163149.65554789483,0.5051971730749462,0.4948028269250537
20000830,1,0.826,276768.282,137883.354,90727.246932,0.6031363088057901,0.3968636911942099
20000831,1,0.561,404562.63,175393.84500000003,51565.79043000001,0.7727975270479135,0.2272024729520865
20000832,3,0.869,1593214.6560000002,1269650.6585490727,585308.9535911228,0.6844626967830253,0.3155373032169747
20000832,3,0.869,1593214.6560000002,-451672.93392141495,-208221.22253777235,0.6844626967830253,0.3155373032169747
20000832,3,0.869,1593214.6560000002,129663.2993723422,59774.78101064977,0.6844626967830253,0.3155373032169747
20000833,1,0.669,209559.693,87567.41700000002,52628.017617000005,0.6246096189881324,0.3753903810118675
20000834,1,0.826,125890.11514596018,56557.046,47428.18911056312,0.5438949668177918,0.4561050331822083
20000835,1,0.618,428427.20827272814,134638.716,130129.298712546,0.5085157893644174,0.4914842106355827
20000836,1,0.475,178536.84,55537.0,29267.999,0.6548788474132285,0.3451211525867714
20000837,1,0.602,303016.08616935776,93393.076,89022.60787395336,0.5119794198427219,0.488020580157278
20000838,2,0.821,846369.2821737723,236742.7329265458,232151.8326691973,0.5048954504852448,0.4951045495147553
20000838,2,0.821,846369.2821737723,114093.55507345418,111881.05999546988,0.5048954504852448,0.4951045495147553
20000839,1,0.594,163649.7917571587,51257.448,45950.52830375226,0.5272967296411194,0.4727032703588805
20000840,1,0.705,593920.1997291222,213507.135,205206.6058090311,0.5099119378969158,0.4900880621030841
20000841,2,0.618,1753944.6928366618,-156585106.54329053,-153857004.7749025,0.5043938977170398,0.4956061022829602
20000841,2,0.618,1753944.6928366618,157131838.16529053,154394210.97307557,0.5043938977170398,0.4956061022829602
20000842,1,0.757,706513.08,221461.86400000003,313368.53756,0.4140786749482402,0.5859213250517598
20000843,1,0.628,355020.63,155043.78,67909.17564,0.6954102920723226,0.3045897079276773
20000844,4,0.603,4665268.105133837,981239.4964838238,965169.3437327883,0.5041281544809586,0.4958718455190414
20000844,4,0.603,4665268.105133837,-1803284.6989757295,-1773751.5822697794,0.5041281544809586,0.4958718455190414
20000844,4,0.603,4665268.105133837,1647832.073616543,1620844.866898953,0.5041281544809586,0.4958718455190414
20000844,4,0.603,4665268.105133837,592404.6078753626,582702.5600337415,0.5041281544809586,0.4958718455190414
20000845,3,0.803,1441000.2300000002,8126426.611377058,2974272.1397640044,0.7320644216691068,0.2679355783308932
20000845,3,0.803,1441000.2300000002,-1222306.3457661325,-447364.1225504047,0.7320644216691068,0.2679355783308932
20000845,3,0.803,1441000.2300000002,-6057031.550610926,-2216873.5475236,0.7320644216691068,0.2679355783308932
20000846,1,0.84,141458.516,59531.63999999999,59293.51344,0.501002004008016,0.4989979959919839
20000847,1,0.629,676265.1484833292,216462.173,208908.60539601403,0.5088788040782548,0.4911211959217451
20000848,1,0.81,606475.2009475539,249585.30000000005,241659.61276751864,0.5080669407728119,0.4919330592271881
20000849,3,0.52,2114832.8188910373,144093.32294822528,142887.07124081813,0.5021016273791382,0.4978983726208617
20000849,3,0.52,2114832.8188910373,108556.27253753056,107647.51294743348,0.5021016273791382,0.4978983726208617
20000849,3,0.52,2114832.8188910373,299518.12451424426,297010.7616350877,0.5021016273791382,0.4978983726208617
20000850,3,0.873,2227105.4822932044,5798693.053065784,5725800.24212564,0.5031625169572774,0.4968374830427227
20000850,3,0.873,2227105.4822932044,6661053.247194327,6577320.086882751,0.5031625169572774,0.4968374830427227
20000850,3,0.873,2227105.4822932044,-11481465.992260111,-11337137.550966425,0.5031625169572774,0.4968374830427227
20000851,1,0.498,244117.184,78331.416,43238.941632,0.6443298969072164,0.3556701030927835
20000852,3,0.812,3211437.4666661574,-2437343.214215157,-2429114.0462351157,0.5008454988443976,0.4991545011556023
20000852,3,0.812,3211437.4666661574,764814.2592642114,762232.0275225716,0.5008454988443976,0.4991545011556023
20000852,3,0.812,3211437.4666661574,2978577.362950946,2968520.8336454635,0.5008454988443976,0.4991545011556023
20000853,1,0.856,504856.429,295391.048,136766.055224,0.683526999316473,0.316473000683527
20000854,1,0.733,114436.42968680416,43771.828,40110.07496042745,0.5218268357675435,0.4781731642324565
20000855,1,0.831,236059.16738696743,100467.9,95697.26809856994,0.5121597324022196,0.4878402675977804
20000856,1,0.654,324256.7257294466,107917.848,104146.05062705808,0.5088930680737298,0.4911069319262701
20000857,1,0.855,651649.644,303464.295,253696.15062,0.5446623093681917,0.4553376906318082
20000858,1,0.724,320735.661,152071.132,80141.48656399998,0.6548788474132287,0.3451211525867714
20000859,1,0.855,278533.2239595291,121813.55999999998,116332.34648539731,0.5115080993738155,0.4884919006261844
20000860,1,0.524,590086.8150152029,156974.15600000005,152231.33506796634,0.5076693672477363,0.4923306327522639
20000861,1,0.548,337942.060700931,94577.128,90615.1212641102,0.5106970101384736,0.4893029898615265
20000862,1,0.654,325374.2452918031,108225.882,104568.87442083922,0.5085928047304145,0.4914071952695855
20000863,1,0.866,326382.9114562674,146444.06399999998,136203.53732112757,0.5181153610202369,0.4818846389797631
20000864,1,0.616,199221.02393505396,64004.248,58715.90274399322,0.5215463606585637,0.4784536393414362
20000865,1,0.581,487382.9613468093,144446.47699999998,138723.02354249617,0.5101060556425371,0.4898939443574628
20000866,4,0.753,2400320.567679813,-537382.9526855251,-531176.5939184258,0.5029040771695055,0.4970959228304946
20000866,4,0.753,2400320.567679813,-375149.1695846084,-370816.4859258025,0.5029040771695055,0.4970959228304946
20000866,4,0.753,2400320.567679813,358954.02769805124,354808.3854411539,0.5029040771695055,0.4970959228304946
20000866,4,0.753,2400320.567679813,1462547.7375720823,1445656.438865974,0.5029040771695055,0.4970959228304946
20000867,4,0.482,2234519.8229664783,-1306190.0518718932,-1287504.269838284,0.5036021557893701,0.4963978442106299
20000867,4,0.482,2234519.8229664783,2029940.4972398623,2000901.0587460063,0.5036021557893701,0.4963978442106299
20000867,4,0.482,2234519.8229664783,1003275.2993761864,988922.882944151,0.5036021557893701,0.4963978442106299
20000867,4,0.482,2234519.8229664783,-1184626.8067441557,-1167680.055182031,0.5036021557893701,0.4963978442106299
20000868,1,0.644,712338.8166950897,233332.792,225413.40595163772,0.5086315549684371,0.4913684450315627
20000869,1,0.497,456717.4815455116,115124.086,111864.50232811928,0.5071800606715279,0.492819939328472
20000870,3,0.805,5818917.958162809,3008916.992042872,2995955.5701513053,0.5010792420452992,0.4989207579547009
20000870,3,0.805,5818917.958162809,-342804.2953697824,-341327.6075414778,0.5010792420452992,0.4989207579547009
20000870,3,0.805,5818917.958162809,-318942.80167308834,-317568.90128876554,0.5010792420452992,0.4989207579547009
20000871,1,0.785,306786.62,122620.925,118206.5717,0.5091649694501018,0.4908350305498981
20000872,1,0.772,527415.9938501639,205646.904,201518.2432523266,0.505070007557787,0.4949299924422131
20000873,1,0.543,542289.7811916119,149790.351,144673.00018704528,0.5086892830505487,0.4913107169494513
20000874,1,0.693,333856.824,121962.456,109400.323032,0.5271481286241434,0.4728518713758566
20000875,1,0.701,514072.28,149528.908,210835.76028,0.4149377593360995,0.5850622406639004
20000876,2,0.723,1941855.853109341,574221.8749097437,567386.9126571813,0.5029935658900846,0.4970064341099153
20000876,2,0.723,1941855.853109341,131961.86809025632,130391.12614087255,0.5029935658900846,0.4970064341099153
20000877,1,0.707,612392.8650770502,219804.179,213157.5766094744,0.5076757384508122,0.4923242615491878
20000878,2,0.817,1322994.9423974871,-118113.16118805074,-116011.3314709762,0.5044887010607122,0.4955112989392878
20000878,2,0.817,1322994.9423974871,663408.3731880508,651602.9874097231,0.5044887010607122,0.4955112989392878
20000879,1,0.75,296305.81651962094,113537.25,108692.1123897157,0.5109012093590665,0.4890987906409334
20000880,2,0.899,1047424.6752588446,355334.62561952363,350230.3967174058,0.5036171215554393,0.4963828784445607
20000880,2,0.899,1047424.6752588446,118888.77338047644,117180.98734029544,0.5036171215554393,0.4963828784445607
20000881,2,0.815,1714910.5263646226,-3961595.970931754,-3908975.2508119945,0.503342878085798,0.4966571219142019
20000881,2,0.815,1714910.5263646226,4665094.190931754,4603129.109799162,0.503342878085798,0.4966571219142019
20000882,1,0.557,1399412.802,505494.767,273978.16371400014,0.6485084306095978,0.3514915693904021
20000883,1,0.712,281989.7112148271,103442.20799999998,97334.46638495688,0.5152102868367381,0.4847897131632619
20000884,1,0.793,645812.9936725418,259905.75,252223.9539823257,0.5074998539998175,0.4925001460001826
20000885,1,0.549,657362.9728680586,182079.14400000003,178813.12810456415,0.5045249180266315,0.4954750819733685
20000887,2,0.537,808967.8907649736,-269629.7080536945,-266382.9529964336,0.5030286178790068,0.4969713821209931
20000887,2,0.537,808967.8907649736,488153.2660536945,482275.1523372244,0.5030286178790068,0.4969713821209931
20000888,1,0.805,171356.83322695576,71195.005,66747.2457476994,0.5161218162970086,0.4838781837029914
20000889,2,0.746,2220312.4420000003,235677.07431541212,324763.008406638,0.4205214465937762,0.5794785534062238
20000889,2,0.746,2220312.4420000003,460854.9196845879,635058.0793253622,0.4205214465937762,0.5794785534062238
20000890,1,0.587,384889.8970801558,114661.645,111268.72458605144,0.5075087745400608,0.4924912254599392
20000891,1,0.543,379760.02311378106,105394.671,100815.02155078312,0.5111043506068199,0.4888956493931801
20000892,1,0.84,504451.7535263456,216436.92,207302.5529621303,0.5107782819641705,0.4892217180358295
20000893,1,0.662,364249.7556874502,122979.74,118153.59826509202,0.5100072054939212,0.4899927945060788
20000894,1,0.501,1204025.304,484900.866,118315.811304,0.8038585209003215,0.1961414790996784
20000895,1,0.817,293193.3910045279,121668.457,117870.5434506993,0.5079275473767421,0.492072452623258
20000896,2,0.858,1595852.004,-82719.37248852178,-126064.32367250718,0.3961965134706814,0.6038034865293185
20000896,2,0.858,1595852.004,625207.8904885218,952816.8251045072,0.3961965134706814,0.6038034865293185
20000897,1,0.797,329180.63099762297,133554.88400000002,128802.07890510552,0.5090578977631587,0.4909421022368415
20000898,4,0.822,2369709.1978024794,1465257.632792685,1452370.7187066276,0.5022084570982859,0.4977915429017142
20000898,4,0.822,2369709.1978024794,-1880810.5407413167,-1864268.8464288367,0.5022084570982859,0.4977915429017142
20000898,4,0.822,2369709.1978024794,134076.08076023468,132896.8840817234,0.5022084570982859,0.4977915429017142
20000898,4,0.822,2369709.1978024794,1259729.1631883972,1248649.8682341245,0.5022084570982859,0.4977915429017142
20000899,1,0.452,313902.8475056045,72910.312,68973.77507253324,0.5138723693709724,0.4861276306290277
20000900,1,0.553,366505.7136526408,103231.828,99445.83164991035,0.5093399449071725,0.4906600550928274
20000901,1,0.489,564554.8365263096,139745.44199999998,136321.8730613654,0.5062006053448841,0.4937993946551159
20000902,1,0.616,353346.8498685309,111250.216,106411.44351901504,0.5111153532773701,0.48888464672263
20000903,1,0.878,706625.0410160145,314553.158,305863.62801206065,0.5070029778238224,0.4929970221761775
20000904,1,0.76,762617.5350975639,293328.84,286260.48667414853,0.5060977255796029,0.4939022744203972
20000905,1,0.828,681397.2715220761,286301.69999999995,277895.24082027905,0.5074499333224839,0.4925500666775161
20000906,1,0.673,563457.312,226798.30800000005,152408.46297600004,0.5980861244019139,0.4019138755980861
20000908,1,0.508,249509.8245271705,65350.136000000006,61400.85485980264,0.5155788965175255,0.4844211034824745
20000909,1,0.472,247476.269,65365.86399999999,51442.934968,0.5595970900951315,0.4404029099048685
20000910,1,0.627,663569.9921089527,210707.112,205351.27305231337,0.5064364030868086,0.4935635969131914
20000911,1,0.536,193521.64555000764,53866.928,49860.67401480409,0.5193114171511655,0.4806885828488345
20000912,1,0.72,710265.5035984641,257983.19999999995,253407.9625908941,0.5044733246717894,0.4955266753282105
20000913,2,0.886,1897457.7461405147,-667039.3711417922,-658824.5935616841,0.5030978960884367,0.4969021039115633
20000913,2,0.886,1897457.7461405147,1512821.1731417922,1494190.35464218,0.5030978960884367,0.4969021039115633
20000914,1,0.898,300075.41386651417,138931.376,130536.34565212972,0.5155770611344461,0.4844229388655539
20000915,1,0.571,479893.0802507846,138878.62,135140.32882319798,0.5068212274969605,0.4931787725030395
20000916,1,0.732,772875.6393553696,285751.572,279993.39600813057,0.5050890209524468,0.4949109790475532
20000917,2,0.745,873065.58,49818.890604845714,6974.6446846783965,0.8771929824561404,0.1228070175438596
20000917,2,0.745,873065.58,520737.1243951544,72903.19741532157,0.8771929824561404,0.1228070175438596
20000918,3,0.611,6373922.016,-3943560.408861909,-914906.0148559628,0.8116883116883117,0.1883116883116883
20000918,3,0.611,6373922.016,5712557.40182334,1325313.3172230148,0.8116883116883117,0.1883116883116883
20000918,3,0.611,6373922.016,1392095.8250385683,322966.23140894785,0.8116883116883117,0.1883116883116883
20000919,1,0.693,231419.52,139213.305,21160.42235999999,0.8680555555555556,0.1319444444444444
20000920,3,0.703,2305455.360324268,566054.3311326175,560781.176650208,0.50233980667364,0.4976601933263599
20000920,3,0.703,2305455.360324268,1340769.7940556942,1328279.674537913,0.50233980667364,0.4976601933263599
20000920,3,0.703,2305455.360324268,-1092664.3591883115,-1082485.4988801605,0.50233980667364,0.4976601933263599
20000921,1,0.532,609885.3130992325,164555.58000000005,159903.40656879172,0.5071691240245891,0.4928308759754109
20000922,3,0.842,2704552.0276402696,476196.0766739288,474369.8539755747,0.5009605975974262,0.4990394024025739
20000922,3,0.842,2704552.0276402696,654551.7348605515,652041.5141888513,0.5009605975974262,0.4990394024025739
20000922,3,0.842,2704552.0276402696,10056.09646551968,10017.53110868087,0.5009605975974262,0.4990394024025739
20000923,1,0.724,988507.503,262442.036,453237.3961719999,0.3667033370003667,0.6332966629996333
20000924,1,0.78,325370.45104286587,131075.09999999998,122713.85181343537,0.5164728372271916,0.4835271627728082
20000925,1,0.485,136207.79310388168,34782.259999999995,31278.519655382614,0.5265190659487766,0.4734809340512234
20000926,1,0.602,242008.01348822357,74778.032,70910.79211991056,0.5132722599123543,0.4867277400876457
20000927,3,0.626,2940814.023098808,-15181892.768366398,-15075630.01460662,0.5017559724654587,0.4982440275345414
20000927,3,0.626,2940814.023098808,7095892.764177278,7046226.420394593,0.5017559724654587,0.4982440275345414
20000927,3,0.626,2940814.023098808,9009707.45018912,8946645.726671884,0.5017559724654587,0.4982440275345414
20000928,1,0.542,456941.746537545,126560.794,121101.6326233494,0.5110213758523674,0.4889786241476325
20000929,1,0.683,396629.3165356162,136878.66400000002,134019.15919382585,0.5052778290583165,0.4947221709416833
20000930,1,0.465,266241.3140869532,65268.33000000001,58533.88105043324,0.5271984195291285,0.4728015804708716
20000931,1,0.668,292771.6254190622,99964.196,95607.24977993355,0.5111390141916962,0.4888609858083038
20000932,1,0.855,63817.67679810301,31086.945000000003,23477.16866237808,0.5697324287599385,0.4302675712400616
20000933,1,0.477,681839.5606578748,164471.985,160765.48543380626,0.5056981435153366,0.4943018564846634
20000934,1,0.452,506201.35,75687.40000000001,153115.61020000002,0.330797221303341,0.669202778696659
20000935,1,0.863,248507.76172084728,111107.798,103354.4003650912,0.5180763735847511,0.4819236264152488
20000936,1,0.543,300376.62540837354,84969.726,78134.78159674685,0.5209526533140078,0.4790473466859923
20000937,1,0.619,556641.8950437398,175833.14,168728.19303207492,0.5103101339105622,0.4896898660894376
20000938,4,0.802,2327074.8698956342,-35826.99681855196,-35507.5457520305,0.502239105032498,0.4977608949675021
20000938,4,0.802,2327074.8698956342,-292137.2071983415,-289532.3686492788,0.502239105032498,0.4977608949675021
20000938,4,0.802,2327074.8698956342,306847.8978210592,304111.8915430212,0.502239105032498,0.4977608949675021
20000938,4,0.802,2327074.8698956342,958452.2021958344,949906.172514587,0.502239105032498,0.4977608949675021
20000939,1,0.694,744414.3190204275,260141.042,256482.49540017665,0.5035408245414391,0.4964591754585608
20000940,1,0.731,616470.2415838928,227544.218,223095.5285978257,0.5049359709565794,0.4950640290434207
20000941,1,0.819,678540.8334630206,281485.38599999994,274239.5566062139,0.5065192587539844,0.4934807412460156
20000942,3,0.579,2326693.843503856,1171029.5927125923,1156909.8810628653,0.5030326629641336,0.4969673370358664
20000942,3,0.579,2326693.843503856,-265020.2595169313,-261824.7726829506,0.5030326629641336,0.4969673370358664
20000942,3,0.579,2326693.843503856,-228345.9961956612,-225592.70999118208,0.5030326629641336,0.4969673370358664
20000943,3,0.884,2211217.624045022,363056.73157648346,358802.9202160352,0.5029464254927432,0.497053574507257
20000943,3,0.884,2211217.624045022,727258.5117033244,718737.4728407945,0.5029464254927432,0.497053574507257
20000943,3,0.884,2211217.624045022,-107197.62727980757,-105941.6294010301,0.5029464254927432,0.497053574507257
20000944,1,0.85,446896.2601366438,194111.1,185750.72111614724,0.5110045000828032,0.4889954999171969
20000945,1,0.867,306779.57655567187,137159.40000000002,128818.49287376757,0.5156796999858012,0.4843203000141989
20000946,3,0.764,2252472.2174943336,1603395.7046378502,1584282.444352571,0.5029979909187715,0.4970020090812285
20000946,3,0.764,2252472.2174943336,-710171.1316608989,-701705.5447522749,0.5029979909187715,0.4970020090812285
20000946,3,0.764,2252472.2174943336,-27620.97697695145,-27291.72143462516,0.5029979909187715,0.4970020090812285
20000947,1,0.816,245370.042,155090.59199999998,45131.36227199999,0.774593338497289,0.225406661502711
20000948,1,0.507,389802.5424153104,101012.65200000002,96617.23700456238,0.5111203194455475,0.4888796805544526
20000949,1,0.485,412401.6860000001,179546.51499999998,20468.30271000002,0.8976660682226211,0.1023339317773789
20000950,1,0.521,839539.9047788045,220713.31400000004,216686.9763897572,0.5046025776602195,0.4953974223397805
20000951,1,0.587,718248.8350144929,213433.787,208178.2791535073,0.5062326345334945,0.4937673654665054
20000952,1,0.475,693576.5088014093,166526.925,162921.91668066944,0.5054712718079988,0.4945287281920013
20000953,1,0.807,372611.4028948271,153994.16100000002,146703.24113612546,0.512123350271869,0.487876649728131
20000954,1,0.693,348569.8236303491,124060.167,117498.72077583191,0.5135814630638992,0.4864185369361007
20000955,3,0.517,5888974.37,131701.6377258679,239038.47247245023,0.3552397868561279,0.6447602131438721
20000955,3,0.517,5888974.37,91643.37509814184,166332.72580312745,0.3552397868561279,0.6447602131438721
20000955,3,0.517,5888974.37,858217.9531759904,1557665.5850144224,0.3552397868561279,0.6447602131438721
20000956,2,0.523,1683152.896335545,861473.8832579241,848158.5458397083,0.5038942105892446,0.4961057894107554
20000956,2,0.523,1683152.896335545,-417901.3702579241,-411442.0940562183,0.5038942105892446,0.4961057894107554
20000957,4,0.683,2516498.363147272,347069.16820637335,343944.3962854444,0.5022610062099337,0.4977389937900662
20000957,4,0.683,2516498.363147272,211610.30824712943,209705.11467200745,0.5022610062099337,0.4977389937900662
20000957,4,0.683,2516498.363147272,257889.1736811323,255567.31705297108,0.5022610062099337,0.4977389937900662
20000957,4,0.683,2516498.363147272,46701.68686536506,46281.21701916387,0.5022610062099337,0.4977389937900662
20000958,1,0.634,412378.0937588476,132395.05,129052.66144310932,0.5063920784359551,0.4936079215640447
20000959,1,0.555,215299.93342559735,61310.850000000006,58180.61305120655,0.5130981614454416,0.4869018385545583
20000960,1,0.869,186486.02065617795,85831.999,76224.35295021863,0.5296429172141697,0.4703570827858302
20000961,1,0.82,401046.18520061066,167712.96000000002,161144.91186450073,0.5099861500931404,0.4900138499068595
20000962,3,0.731,6617599.717869025,-10549043.129082318,-10523764.795286488,0.5005997856072754,0.4994002143927246
20000962,3,0.731,6617599.717869025,1114242.9800673518,1111572.955342346,0.5005997856072754,0.4994002143927246
20000962,3,0.731,6617599.717869025,11856434.288014969,11828023.0947064,0.5005997856072754,0.4994002143927246
20000963,3,0.793,4127114.193,-12102273.00617775,-9645511.585923666,0.5564830272676683,0.4435169727323316
20000963,3,0.793,4127114.193,38718115.03252252,30858337.68092045,0.5564830272676683,0.4435169727323316
20000963,3,0.793,4127114.193,-24794583.509344768,-19761283.056947783,0.5564830272676683,0.4435169727323316
20000964,2,0.661,790269.5744276256,41036.02703071409,39902.21046588652,0.5070042083933146,0.4929957916066853
20000964,2,0.661,790269.5744276256,223806.84296928596,217623.1082307741,0.5070042083933146,0.4929957916066853
20000965,1,0.463,311588.944049756,73485.04500000001,70780.63609503703,0.5093730154130747,0.4906269845869254
20000966,1,0.839,275562.99590322224,117814.897,113382.45656280345,0.5095858373136449,0.490414162686355
20000967,3,0.744,2103118.533800771,-166205.46737307555,-164210.91029654432,0.5030182479007224,0.4969817520992776
20000967,3,0.744,2103118.533800771,300014.9260899636,296414.58186930965,0.5030182479007224,0.4969817520992776
20000967,3,0.744,2103118.533800771,653273.349283112,645433.7095750083,0.5030182479007224,0.4969817520992776
20000968,2,0.748,1976755.397164692,-494196.1427303339,-486989.6633417186,0.5036723316542179,0.4963276683457822
20000968,2,0.748,1976755.397164692,1238932.618730334,1220866.2244209084,0.5036723316542179,0.4963276683457822
20000969,1,0.518,107964.67169474393,29499.064,26426.63593787735,0.5274688387050634,0.4725311612949366
20000970,1,0.5,180657.54,72090.0,18238.76999999999,0.7980845969672786,0.2019154030327213
20000971,1,0.589,404017.5805877594,120529.426,117436.92896619027,0.5064977610684693,0.4935022389315307
20000972,2,0.684,897815.863,130154.86043022336,75880.28363082021,0.6317119393556538,0.3682880606443461
20000972,2,0.684,897815.863,257783.2635697767,150287.6426611798,0.6317119393556538,0.3682880606443461
20000973,3,0.471,1668042.155,422054.9786946824,197943.78500780603,0.6807351940095303,0.3192648059904697
20000973,3,0.471,1668042.155,405579.2220506215,190216.65514174144,0.6807351940095303,0.3192648059904697
20000973,3,0.471,1668042.155,-292816.05574530386,-137330.7301445475,0.6807351940095303,0.3192648059904697
20000974,1,0.562,121457.2675544682,36901.482,31357.50236561114,0.5406098895692177,0.4593901104307822
20000975,1,0.696,1300415.4151512168,456959.496,448129.6329452468,0.5048778969785236,0.4951221030214764
20000976,2,0.82,867707.03,3639857.7841488617,953642.7394470018,0.7923930269413629,0.2076069730586371
20000976,2,0.82,867707.03,-3076054.4841488614,-805926.2748470019,0.7923930269413629,0.2076069730586371
20000977,4,0.592,2054367.027946816,472812.2015988384,394826.9128482954,0.5449410863641364,0.4550589136358635
20000977,4,0.592,2054367.027946816,462773.4637473542,386443.9568640974,0.5449410863641364,0.4550589136358635
20000977,4,0.592,2054367.027946816,-249228.46698491563,-208120.9111795674,0.5449410863641364,0.4550589136358635
20000977,4,0.592,2054367.027946816,-23607.870361276902,-19714.00598831042,0.5449410863641364,0.4550589136358635
20000978,1,0.508,326398.8677632491,84601.304,81209.32082373052,0.510228485598783,0.489771514401217
20000979,1,0.813,312211.31083935185,130359.672,123468.12371239302,0.5135752435391584,0.4864247564608415
20000980,4,0.758,2196614.6991585214,-134481.06414310588,-129284.40513418634,0.5098509085043584,0.4901490914956416
20000980,4,0.758,2196614.6991585214,426222.7541989631,409752.5222780024,0.5098509085043584,0.4901490914956416
20000980,4,0.758,2196614.6991585214,1977042.5046415231,1900645.0147181144,0.5098509085043584,0.4901490914956416
20000980,4,0.758,2196614.6991585214,-1419865.1266973806,-1364998.2578997717,0.5098509085043584,0.4901490914956416
20000981,1,0.83,402413.625,296891.83,37111.47875,0.8888888888888888,0.1111111111111111
20000982,1,0.598,316458.050135077,96361.122,92880.79198077603,0.5091954523868785,0.4908045476131216
20000983,1,0.584,189795.883,108774.088,2066.707671999984,0.9813542688910698,0.0186457311089301
20000984,1,0.611,356180.85196338693,110441.305,107185.1955496294,0.5074809580684041,0.4925190419315959
20000985,2,0.836,1372863.5,764162.8115055636,515809.8977662555,0.5970149253731343,0.4029850746268656
20000985,2,0.836,1372863.5,-78960.49150556367,-53298.33176625549,0.5970149253731343,0.4029850746268656
20000986,1,0.84,598888.8771391578,255260.04,247806.61679689263,0.5074079876914965,0.4925920123085035
20000987,1,0.732,418767.9098860113,156319.332,150218.77803656028,0.5099507267835508,0.4900492732164491
20000988,1,0.587,292533.3292829051,88745.008,82972.05628906531,0.5168094875568587,0.4831905124431414
20000989,1,0.721,200054.375,95081.875,49157.329375,0.6591957811470006,0.3408042188529993
20000990,1,0.72,1739392.0859853113,630468.0,621894.301909424,0.5034230102892365,0.4965769897107633
20000991,1,0.751,209765.0371323973,82235.251,75298.29188643038,0.5220174033620594,0.4779825966379407
20000992,2,0.531,1262768.08,225504.15138806548,189423.48716597504,0.5434782608695652,0.4565217391304348
20000992,2,0.531,1262768.08,138914.24561193452,116687.96631402502,0.5434782608695652,0.4565217391304348
20000993,1,0.837,259615.812,169235.541,48062.893644,0.778816199376947,0.2211838006230529
20000994,3,0.836,3452605.4620000003,-4804618.746127613,-6274832.082442665,0.4336513443191673,0.5663486556808327
20000994,3,0.836,3452605.4620000003,696377.8035265746,909469.4114057068,0.4336513443191673,0.5663486556808327
20000994,3,0.836,3452605.4620000003,5359922.714601039,7000059.065268959,0.4336513443191673,0.5663486556808327
20000995,1,0.831,567999.4220677123,240109.14,231898.3797382689,0.5086977006915949,0.4913022993084051
20000996,1,0.592,211368.894,124880.62399999998,249.7612480000001,0.998003992015968,0.0019960079840319
20000997,1,0.606,293229.83497161337,90630.33,87066.94999279769,0.5100265462908231,0.4899734537091767
20000998,2,0.874,801190.1517798323,-267911.0426834924,-260472.008877994,0.507039432645989,0.492960567354011
20000998,2,0.874,801190.1517798323,622960.4326834924,605662.8115335675,0.507039432645989,0.492960567354011
20000999,1,0.547,1688295.5300000005,214020.314,709477.3409100001,0.231749710312862,0.7682502896871379
